Date,actual,MLP,RNN,LSTM,BiLSTM,GRU,TCN,Transformer,Informer
2022-08-09,93.18,100.33311,103.75554,119.67494,111.020226,112.02161,110.69534,112.71224,116.42524
2022-08-10,94.68,97.870285,105.56951,121.93702,113.17301,114.22823,108.98164,115.01956,116.81487
2022-08-11,97.02,99.72569,103.141884,120.519745,111.68255,112.65043,110.43074,114.4639,117.61538
2022-08-12,94.86,98.58714,105.33238,121.39813,112.47269,113.76108,109.21816,115.372925,117.244606
2022-08-15,92.240005,101.36713,105.546364,120.49802,111.85352,113.43364,107.69524,115.82364,118.747925
2022-08-16,89.23,99.431915,103.31335,118.56697,109.32868,111.39221,108.99224,113.562675,117.35165
2022-08-17,90.850006,99.08776,103.32589,118.93217,109.554695,111.61026,106.93828,113.41633,117.49095
2022-08-18,93.200005,99.09363,102.358055,117.6996,108.82442,110.5001,106.84659,112.07968,115.89648
2022-08-19,93.549995,98.002884,102.092255,117.53528,108.66376,110.08258,107.80661,110.78357,115.22532
2022-08-22,93.42,98.34417,102.960655,118.96897,109.83367,110.94806,108.6341,111.86575,116.21085
2022-08-23,96.46,98.350784,103.46143,119.87065,110.47621,111.62922,109.44175,113.34301,117.34898
2022-08-24,95.520004,98.34564,103.29179,120.43016,110.76641,111.67344,108.496895,114.1382,118.20275
2022-08-25,93.33,101.55244,104.53482,120.54872,111.282425,111.92794,108.90227,114.16407,116.32238
2022-08-26,93.63,96.88891,101.27829,116.99962,108.67979,108.888214,105.54762,110.38947,113.3508
2022-08-29,97.4,95.764336,101.4161,116.54414,108.23179,108.784546,106.94489,109.65611,112.927345
2022-08-30,92.079994,99.85407,103.66237,117.603935,109.57623,110.24806,109.16589,112.93541,114.94387
2022-08-31,90.090004,94.61605,98.908264,113.35772,105.11345,106.00539,105.275566,110.54474,112.232704
2022-09-01,87.09,93.39087,97.61643,111.54614,102.78731,103.75146,101.5633,106.77785,108.81457
2022-09-02,87.29,91.43604,98.23856,111.52893,102.752045,104.33003,98.63389,106.2219,108.94765
2022-09-06,87.35,86.5051,93.35958,107.02015,98.36636,99.995125,95.00492,101.12123,103.47332
2022-09-07,82.5,89.800934,95.721535,107.19806,98.70314,101.34107,99.008514,102.62909,104.06271
2022-09-08,84.04,86.68757,91.46121,102.50331,94.69219,97.75013,93.12133,100.62252,102.6167
2022-09-09,87.270004,92.04043,94.67908,102.42645,95.79125,97.53233,94.570854,96.849174,99.14945
2022-09-12,88.18,86.586586,92.55739,99.04033,93.45717,95.16939,85.62323,94.315186,98.9593
2022-09-13,87.84,86.50247,92.20968,98.381805,93.138115,94.66997,96.69369,94.01649,98.54205
2022-09-14,88.88,87.23298,93.81243,97.68404,93.075966,94.78027,96.21761,94.43151,98.19385
2022-09-15,85.72,85.15558,92.70342,96.79855,92.372444,94.2469,92.240746,93.01215,97.25239
2022-09-16,85.57,84.88134,91.26473,94.28266,89.71573,92.16589,89.01043,89.49045,95.928474
2022-09-19,86.15,84.448395,90.388374,93.11502,88.75115,91.36848,88.565895,87.67694,94.46636
2022-09-20,84.689995,84.61955,90.16803,92.786545,88.55648,91.53478,88.08876,87.13416,94.65975
2022-09-21,83.38,83.011185,88.46824,90.441635,86.71667,89.85907,87.17407,85.37866,92.82161
2022-09-22,84.020004,82.370514,88.059746,89.606,86.02483,89.5309,86.680824,84.70073,91.93894
2022-09-23,79.07,82.2968,87.630486,89.16981,85.6502,89.17126,86.13757,83.30255,92.20368
2022-09-26,77.17,80.22245,84.63024,86.313385,83.27612,86.437645,83.8126,80.648384,89.535065
2022-09-27,78.909996,80.471725,85.35522,86.878746,83.82437,87.03293,84.6039,80.71683,89.202705
2022-09-28,82.61,79.59103,82.56055,84.476074,82.003006,84.77786,83.46056,79.20585,87.58286
2022-09-29,81.78,79.97006,85.099815,86.5973,83.98858,86.63658,83.66521,80.404915,87.63598
2022-09-30,79.91,79.70561,84.109436,85.62036,83.20215,85.95616,84.4039,80.88933,87.77312
2022-10-03,84.049995,79.0963,82.68874,84.0141,81.75113,84.29869,84.34801,79.66697,86.87692
2022-10-04,86.87,82.89036,86.23955,86.83031,84.38564,86.96489,82.81717,81.6443,88.050255
2022-10-05,88.22,84.148834,88.29444,88.729164,86.316025,88.84784,85.62263,84.075874,89.83179
2022-10-06,88.9,82.84862,89.73776,89.707184,87.4784,89.66257,88.80203,85.959885,91.08589
2022-10-07,93.07,85.66742,89.86488,88.781525,87.66595,88.54065,88.89116,86.032425,88.02226
2022-10-10,91.6,86.01494,93.16021,92.25042,90.98986,91.32611,92.83835,88.62165,91.69274
2022-10-11,89.75,86.929115,91.824715,92.05926,90.419556,91.03288,91.92661,89.81703,92.35624
2022-10-12,87.83,85.93378,91.492775,91.20003,89.097,90.08674,90.67731,89.923355,91.90805
2022-10-13,89.59,84.562775,89.93759,89.85286,87.52231,89.1066,89.22173,88.81057,91.264336
2022-10-14,86.100006,85.83987,91.90084,90.58853,88.24236,90.088425,90.15402,89.48227,91.5929
2022-10-17,86.0,84.189926,90.017,88.4871,86.24706,88.63723,87.859314,87.921036,90.99064
2022-10-18,83.29,82.55527,89.22558,87.72298,85.60698,88.02551,85.779755,86.73197,89.700775
2022-10-19,86.0,77.84404,86.6715,85.04075,83.62009,85.83622,82.879974,84.60311,86.58956
2022-10-20,86.020004,86.05106,88.393456,87.09892,85.450615,87.66681,87.10139,86.18273,87.056595
2022-10-21,85.47,84.89788,87.7802,87.18199,85.49163,87.68994,86.84689,87.09828,88.21231
2022-10-24,86.12,84.93494,87.38445,87.257454,85.30257,87.34108,86.31561,87.11758,88.15834
2022-10-25,86.93,85.79355,88.7961,88.127716,86.14799,87.98711,87.26857,87.83508,88.232185
2022-10-26,89.39,85.21132,88.91739,88.27113,86.44361,88.21017,87.83969,88.368,88.41431
2022-10-27,89.060005,86.23941,91.19713,90.078636,88.20813,89.808235,89.74854,90.02804,89.43906
2022-10-28,87.850006,84.84596,91.045944,89.84855,88.14759,89.59548,89.24623,90.24502,89.97669
2022-10-31,86.54,86.55498,90.486275,89.10039,87.39613,88.846825,88.239334,89.83032,89.38654
2022-11-01,88.36,85.77168,89.6342,87.691185,86.293236,87.78816,87.137535,88.64454,88.30528
2022-11-02,90.060005,84.41374,90.42445,88.80695,87.465614,88.98089,88.47079,89.16646,89.31026
2022-11-03,88.14,86.09507,91.82706,90.38268,88.74218,90.349236,89.77961,90.5476,90.27439
2022-11-04,92.58,86.078384,90.76707,89.39631,87.72094,89.441956,88.70921,90.2918,90.069336
2022-11-07,91.799995,87.30214,94.026886,92.54987,90.63534,92.06478,92.638824,92.40893,91.971245
2022-11-08,88.799995,86.9456,93.914406,92.44961,90.44322,92.27125,90.95253,93.36288,92.57496
2022-11-09,85.79,85.92941,91.53372,89.77355,88.281975,89.960594,89.02861,91.43151,91.21969
2022-11-10,86.52,83.4722,88.83282,86.85419,85.93794,87.39234,86.15742,88.50621,88.71616
2022-11-11,89.14,84.72887,88.80649,87.155716,85.98864,87.72325,86.81844,88.307724,88.37011
2022-11-14,85.85,85.72784,90.62107,89.34545,87.90252,89.577065,88.83834,89.96181,89.421906
2022-11-15,86.87,85.30106,88.26272,87.23285,85.869194,87.65965,85.83424,89.0396,88.454155
2022-11-16,85.62,84.36772,89.05146,87.62591,86.43536,87.78068,87.36122,89.02899,87.86905
2022-11-17,81.69,83.215996,87.70993,86.46713,85.72976,86.78384,85.82489,88.22026,87.12523
2022-11-18,80.07001,79.55612,84.30012,83.45593,83.11816,83.99601,82.03768,85.278015,85.195755
2022-11-21,79.74,81.4504,82.52655,82.48601,81.95843,82.73038,80.79146,83.75719,83.89174
2022-11-22,80.83,81.227425,81.99477,82.25969,81.74259,82.387886,80.08188,82.93762,82.98513
2022-11-23,77.93,81.92009,82.682,83.21826,82.34146,83.16661,79.725235,83.33585,82.72781
2022-11-25,76.45,78.509476,80.141914,81.3352,80.17462,81.254585,79.468185,81.703094,82.020256
2022-11-28,77.1,78.1151,78.75307,79.977455,79.03851,79.90545,79.68127,80.36884,81.077156
2022-11-29,77.96,78.57396,79.046555,79.7141,79.13829,79.75771,80.221825,79.96808,80.346436
2022-11-30,80.48,79.34493,80.1747,80.71408,80.24526,80.81277,79.863625,80.70855,80.31654
2022-12-01,81.06,78.30403,81.196556,81.48346,81.14677,81.275215,81.55628,81.42008,80.76223
2022-12-02,79.86,80.79249,81.47375,82.06408,81.41815,81.62228,80.2882,81.902275,80.64859
2022-12-05,76.829994,77.677826,80.558784,80.820915,80.70184,80.3452,80.231964,81.09548,80.46329
2022-12-06,74.21,77.37223,78.2459,78.8712,78.59647,78.53446,75.129654,79.47798,79.30425
2022-12-07,71.93,73.524086,75.49463,76.11866,76.30047,75.8859,74.19773,76.58125,77.241974
2022-12-08,71.3,73.666916,73.58891,75.03908,74.80822,74.751366,72.515724,75.04356,75.88874
2022-12-09,71.049995,71.04348,72.02498,73.98336,73.66296,73.62017,71.58714,73.844986,74.65533
2022-12-12,72.96,70.67662,71.936264,74.10841,73.152176,73.92472,74.21214,73.79195,74.469536
2022-12-13,75.439995,73.320625,73.33111,75.01299,74.411255,74.78136,75.2693,74.80909,74.667465
2022-12-14,77.14,76.07846,75.829094,76.84195,75.93836,76.44704,77.81839,76.391945,75.50132
2022-12-15,75.89,77.738625,77.46834,78.46816,77.45215,77.79975,79.09027,77.86653,76.20149
2022-12-16,74.189995,75.02889,77.18682,77.639084,76.58954,77.13439,78.431984,77.80906,76.75031
2022-12-19,75.05,75.152306,75.72947,75.93548,75.585846,75.66833,75.50874,76.70511,75.595345
2022-12-20,75.920006,73.40251,76.03106,75.056816,75.55987,75.17179,75.69363,75.86233,74.90878
2022-12-21,78.17,76.73325,77.091,76.66024,76.739655,76.739525,75.010254,76.777405,75.47279
2022-12-22,77.68,76.68273,78.22013,78.08428,78.06313,77.8307,78.40527,77.91244,77.02235
2022-12-23,79.57,75.86881,78.018875,78.31684,78.08836,77.88784,77.45862,78.32885,78.26687
2022-12-27,79.450005,79.076515,79.93555,80.412315,79.599754,79.77842,79.55975,80.33773,78.97644
2022-12-28,78.89,78.999886,80.28302,80.179146,79.50236,79.85394,79.28855,81.221466,79.26413
2022-12-29,78.43,80.15863,80.917114,80.44534,79.83228,80.299034,79.014084,81.619194,79.41987
2022-12-30,80.16,77.12328,80.50735,79.60953,78.98727,79.74951,79.0713,81.092354,79.56497
2023-01-03,76.869995,78.28256,80.83493,79.65968,79.65816,79.773285,80.67268,81.13538,79.916985
2023-01-04,72.82,75.39152,79.39201,78.23362,77.7044,78.66786,77.18453,80.04484,79.49752
2023-01-05,73.61,72.93462,75.57975,75.03576,74.72839,75.6968,73.8357,76.9475,77.601166
2023-01-06,73.770004,74.17886,75.847885,74.46823,74.39823,75.31713,73.840034,76.095985,76.24462
2023-01-09,74.69,72.46972,75.04413,74.51992,74.28487,75.508415,73.68421,76.03158,75.70255
2023-01-10,75.11,73.60063,75.61749,75.31588,74.972855,75.97995,75.11062,76.54792,75.81842
2023-01-11,77.46,75.75324,76.83678,76.607155,75.76947,76.959305,75.77525,77.56159,76.30993
2023-01-12,78.32,75.77047,77.7367,77.94838,77.02081,78.04076,77.8317,78.6862,77.49028
2023-01-13,79.9,76.618515,79.78555,79.54559,78.242256,79.468636,79.14934,80.14354,78.6609
2023-01-17,80.25,78.80869,80.98548,80.30423,79.27041,80.2727,80.09791,81.3989,79.379295
2023-01-18,79.53,79.31413,81.76679,80.49774,79.71758,80.54647,80.22651,81.92103,79.54322
2023-01-19,80.310005,78.68629,82.19945,80.44439,79.77158,80.60403,80.98133,82.234375,80.05579
2023-01-20,81.270004,79.2404,82.46302,80.312706,79.79719,80.60955,80.72916,82.450264,80.26848
2023-01-23,81.619995,79.35442,82.94992,80.69252,80.11353,81.18614,81.15595,82.91291,80.57139
2023-01-24,79.86,79.55938,83.32577,81.09412,80.41144,81.713295,81.66051,83.46686,80.99807
2023-01-25,79.78,75.391495,82.07131,79.7593,79.37392,80.548386,80.4135,82.41742,81.04449
2023-01-26,80.64,78.08355,81.5233,79.55262,78.893135,80.23478,79.41307,82.22069,80.49057
2023-01-27,79.73,79.98001,83.16077,81.03044,80.228516,81.56774,81.32425,83.2417,80.78016
2023-01-30,77.97,78.845924,81.92677,80.10175,79.39314,80.91855,79.7238,82.95608,80.55145
2023-01-31,78.95,73.23937,80.38072,78.28736,77.8978,79.08685,78.27475,80.83321,79.77483
2023-02-01,76.34,77.11503,80.348656,78.86818,78.08121,79.32148,78.868225,81.03371,79.532974
2023-02-02,75.869995,74.31543,78.8641,77.3348,76.50014,78.06058,76.876305,79.8532,78.938705
2023-02-03,73.399994,74.91916,78.25375,76.888664,76.058136,77.67964,76.860634,79.15711,78.34738
2023-02-06,74.11,72.26711,76.01476,74.27498,73.664505,75.46809,73.63274,76.939316,76.84192
2023-02-07,77.17,73.1078,75.68319,74.16332,73.88039,75.36546,74.30748,76.343254,75.91511
2023-02-08,78.47,74.9527,78.23121,76.803444,75.92256,77.70552,76.96942,77.717094,76.85041
2023-02-09,78.04,73.19281,78.93667,78.18399,77.614426,78.62316,78.723274,78.78478,79.261116
2023-02-10,79.74,76.92927,79.83576,79.20738,77.882835,79.05624,78.572716,79.71998,79.52367
2023-02-13,80.14,76.29005,80.807,80.00067,78.524796,79.714134,79.55736,80.75498,79.85569
2023-02-14,79.08,77.174065,81.67694,80.55346,79.17911,80.40119,80.87738,81.76005,80.42037
2023-02-15,78.57,76.23437,81.32096,79.37393,78.26158,79.621254,79.19998,81.30625,80.281715
2023-02-16,78.450005,75.98725,80.13011,77.86863,77.67001,78.46945,78.41746,79.99785,79.999695
2023-02-17,76.31,77.11233,80.7696,78.46976,77.762886,78.89955,78.75943,80.28692,79.68575
2023-02-21,76.28,76.23386,78.84136,76.688515,76.320274,77.39895,76.53803,79.42366,78.62823
2023-02-22,73.95,73.39032,78.44294,76.5301,75.60155,77.29613,76.18135,78.87006,78.12477
2023-02-23,75.26,74.68223,77.19945,75.41277,74.917534,76.40458,74.81998,78.19925,77.199104
2023-02-24,76.189995,73.61453,77.30115,75.34352,74.9007,76.37791,75.504456,77.94153,76.72938
2023-02-27,75.57,72.73539,77.53376,76.49707,75.309715,77.39477,75.98461,78.722,77.29011
2023-02-28,76.880005,77.10253,78.13465,76.4682,75.90074,77.02033,75.33805,78.73202,76.97063
2023-03-01,77.57,74.93433,78.24918,76.590164,76.14749,76.83505,76.59632,78.365395,77.32485
2023-03-02,78.05,76.291084,78.72421,77.6645,76.85874,77.689995,77.67966,78.88411,77.65813
2023-03-03,79.619995,76.54755,79.841324,78.252686,77.389595,78.27547,78.21796,79.39934,77.998245
2023-03-06,80.39001,78.4056,80.71108,79.646545,78.736855,79.56544,79.930984,80.64209,78.66162
2023-03-07,77.45,77.68936,81.601685,79.90721,79.33276,79.98424,80.63324,81.42968,79.75777
2023-03-08,76.560005,75.843956,79.56999,77.973854,77.33919,78.314415,77.67676,80.156334,79.16338
2023-03-09,75.600006,74.52851,78.438965,76.530815,76.51717,77.06669,76.82124,78.647835,78.29075
2023-03-10,76.549995,73.52652,77.06067,75.73436,75.667206,76.40349,75.900826,77.72023,77.49273
2023-03-13,74.67999,74.95797,77.48742,76.47153,76.20157,77.03016,76.77655,78.00345,77.60157
2023-03-14,71.18,73.78559,76.20777,75.69901,75.01352,76.345695,74.770294,77.53136,76.987045
2023-03-15,67.380005,71.50252,73.35474,73.00023,72.45688,73.81757,71.66665,75.111916,75.308426
2023-03-16,68.15,66.56552,69.62407,69.07821,69.26737,70.18403,67.78591,71.26612,72.213356
2023-03-17,66.61,68.91208,69.53608,69.3114,69.30649,70.43153,68.52196,70.98915,71.545715
2023-03-20,67.56,67.739525,67.60342,68.204605,68.1537,69.24748,68.072815,69.66408,70.71369
2023-03-21,69.4,66.88972,68.12397,69.07495,68.517395,69.68152,68.94754,69.36582,70.15339
2023-03-22,70.71,67.45917,69.4877,70.401955,69.831245,70.69597,69.9994,69.96031,70.67697
2023-03-23,69.77,71.20058,70.818054,71.63875,70.88195,71.65717,71.7804,71.323875,71.037315
2023-03-24,69.22,68.635765,70.17465,70.89907,70.35259,70.75974,70.76676,71.2542,71.23892
2023-03-27,72.869995,68.716095,69.70462,70.267166,69.77393,70.18277,69.51551,70.730316,70.74652
2023-03-28,73.119995,71.74065,72.4478,72.34531,72.311516,72.14899,73.13205,72.02258,72.143555
2023-03-29,72.95,72.30859,72.937614,73.016266,72.81539,72.92692,72.51343,73.03195,72.64481
2023-03-30,74.31999,72.8988,73.97559,73.87109,73.397835,73.62621,73.48898,73.87831,73.12936
2023-03-31,75.67999,72.50986,74.501495,74.03173,74.19779,73.693275,74.594215,74.09038,74.875946
2023-04-03,80.4,74.97911,76.167564,75.972466,75.49213,75.47835,75.74879,75.63816,75.346306
2023-04-04,80.7,77.79409,79.829414,79.50026,79.17443,78.62292,80.55313,78.92096,78.62297
2023-04-05,80.69,79.27997,81.0482,81.22032,80.12042,80.23005,79.74601,80.94977,79.57506
2023-04-06,80.7,78.38542,81.36409,80.79308,80.05136,80.03651,80.485405,81.6866,80.04006
2023-04-10,79.78999,78.266975,81.40912,80.497284,80.41565,79.9891,80.98205,81.87482,81.32235
2023-04-11,81.54,78.15842,80.8002,79.95017,79.63921,79.776726,79.71918,82.02115,81.1566
2023-04-12,83.259995,79.57069,82.003265,81.347176,80.741684,80.9789,81.05961,82.990456,81.23252
2023-04-13,82.16,80.36456,83.38428,83.07091,82.47626,82.57961,83.264496,84.47815,82.69601
2023-04-14,82.579994,79.57864,82.99707,82.858696,82.13509,82.61636,82.33472,84.75085,83.1513
2023-04-17,80.93,80.14551,83.39122,83.43683,82.399284,83.02155,82.54783,85.381165,83.37179
2023-04-18,80.85,78.628006,82.1014,82.154335,81.17185,82.24098,80.90085,84.9902,82.98589
2023-04-19,79.18,78.78117,81.83288,81.7203,80.91972,81.8041,81.00625,84.421135,82.58322
2023-04-20,77.27,78.01981,81.015724,80.88872,79.61841,81.177444,79.08239,83.67621,82.02277
2023-04-21,77.86,77.26463,80.03903,79.45246,78.37322,80.10967,78.1393,82.54497,81.09937
2023-04-24,78.64,76.54145,79.31423,77.94837,77.561554,78.884895,77.93485,81.06454,79.82752
2023-04-25,77.05,78.329315,79.89554,78.4973,77.784355,79.40257,77.855934,81.23537,79.62739
2023-04-26,74.33,75.42668,78.40332,76.95358,76.942474,78.053055,77.3735,79.73666,78.75986
2023-04-27,74.770004,73.18929,76.32242,75.38717,75.02762,76.26203,74.13846,77.79698,77.38874
2023-04-28,76.78,74.88108,75.942055,75.29665,74.86733,75.9812,74.17386,77.221794,76.52678
2023-05-01,75.65,74.887024,77.1732,76.569405,76.45766,76.993866,76.81808,77.79338,76.69655
2023-05-02,71.71,74.19089,76.40164,76.52339,75.90683,76.84727,75.73208,77.75719,76.74732
2023-05-03,68.62,71.06583,73.36306,73.50237,73.10252,73.816154,71.97767,75.02211,75.045204
2023-05-04,68.52,69.6036,70.44278,70.71933,70.45629,71.2298,68.97116,72.269005,73.15925
2023-05-05,71.32,69.897224,69.86296,70.06126,70.03972,70.82526,68.6589,71.22943,72.11903
2023-05-08,73.130005,69.67106,71.444855,71.64754,71.68154,72.10943,71.70354,72.02632,72.19073
2023-05-09,73.67999,73.4489,73.04073,73.86048,73.10057,73.90605,71.87142,73.560165,73.020546
2023-05-10,72.53,72.97165,73.695114,74.62179,73.78334,74.192085,74.457565,74.4681,73.816284
2023-05-11,70.81,72.860886,73.2102,73.861206,73.00438,73.52967,71.2133,74.293365,73.67093
2023-05-12,70.020004,70.45581,71.79344,71.7443,71.71731,71.91788,71.081314,72.69588,72.73787
2023-05-15,71.07,69.31777,70.68998,70.58817,70.97642,70.825905,70.09448,71.40248,71.52371
2023-05-16,70.85,69.815765,71.09396,71.24557,71.54175,71.15363,71.42826,71.42974,71.305885
2023-05-17,72.78,69.52232,70.74905,71.61312,71.540535,71.12928,71.13459,71.43928,71.410164
2023-05-18,71.82,71.955956,72.27357,73.61821,72.925064,72.78774,73.1239,72.986404,72.274956
2023-05-19,71.56999,70.723404,71.812965,73.1532,72.499504,72.569435,72.24974,73.31546,72.58113
2023-05-22,71.810005,69.141205,71.50323,72.665886,72.242134,72.11337,71.99021,73.02341,72.56502
2023-05-23,72.869995,71.619026,72.012474,73.30673,72.50581,72.85747,71.778114,73.73344,72.845566
2023-05-24,74.37,71.64033,72.36823,73.645645,73.217155,73.138084,73.11286,74.25699,73.5248
2023-05-25,71.68,73.875916,73.899284,74.866714,74.239456,74.3824,74.025894,75.50626,74.2418
2023-05-26,72.35,70.338264,72.14129,72.721565,72.61127,72.5299,71.980354,74.01082,73.85451
2023-05-30,69.45,72.17349,72.63631,73.03451,72.68538,72.748726,72.303276,74.04144,73.71
2023-05-31,68.11,69.080315,70.31729,70.65739,70.6645,70.7079,69.74127,72.03305,72.61269
2023-06-01,70.09,67.714615,68.803055,69.38937,69.34838,69.55286,68.43744,70.33963,71.367935
2023-06-02,71.759995,69.1413,70.30034,70.730995,70.50331,70.84116,70.27836,70.99882,71.494446
2023-06-05,72.14,70.32568,71.35722,72.19153,71.876175,72.208496,72.06204,72.25953,72.45978
2023-06-06,71.71,71.23613,72.077225,72.994026,72.34989,72.75302,72.37371,73.24435,73.02062
2023-06-07,72.52,70.9356,71.901794,72.82986,72.08874,72.56652,71.89,73.46458,73.21832
2023-06-08,71.28,71.25503,72.56067,73.149864,72.71569,72.88713,72.75987,73.77137,73.80243
2023-06-09,70.159996,70.8342,71.77984,72.201195,71.73966,72.17449,71.06405,73.25286,73.251
2023-06-12,67.08,69.15969,70.82994,70.88849,70.83178,71.000336,70.42936,72.02038,72.53178
2023-06-13,69.39,65.90658,68.02362,68.00136,68.41566,68.33315,67.40029,69.087074,70.434975
2023-06-14,68.22,68.528114,69.697426,69.69307,69.64794,69.8161,69.642845,69.83336,70.62511
2023-06-15,70.60999,68.58075,68.37491,69.20994,68.87455,69.4547,67.982475,69.8844,70.50381
2023-06-16,71.810005,69.417366,70.585686,71.21226,70.60805,71.10894,70.86215,71.23184,71.54121
2023-06-20,70.94,70.51758,71.572945,72.322266,71.788994,72.1608,72.03506,72.32571,72.70988
2023-06-21,72.549995,69.72541,71.2529,71.74694,71.34276,71.601326,71.18495,72.28622,72.80657
2023-06-22,69.22,71.27926,72.55453,72.923035,72.24364,72.65149,72.19856,73.25146,72.94423
2023-06-23,68.91,68.08921,69.94033,70.16126,70.0187,70.259926,69.40383,71.38504,71.87033
2023-06-26,69.09,67.96875,69.69024,69.42284,69.49055,69.67756,69.18085,70.23931,71.14246
2023-06-27,67.68,67.959694,69.668015,69.44552,69.40553,69.84299,69.20304,70.187416,70.85723
2023-06-28,69.54,66.710754,68.29182,68.34018,68.46863,68.81135,67.967896,69.1887,70.294235
2023-06-29,69.85,69.3493,69.88945,69.98398,69.55884,70.11492,69.34697,70.165276,70.43426
2023-06-30,70.66,67.05278,69.96177,69.961075,70.01846,69.99883,70.18726,70.17496,71.18937
2023-07-03,69.71,69.59242,70.7305,71.11686,70.755295,70.87653,70.888016,71.03525,71.53133
2023-07-05,71.78,68.39773,70.199425,70.71282,70.08503,70.4833,69.55657,71.105255,71.29461
2023-07-06,71.759995,70.52189,71.60726,72.15715,71.421,71.933395,71.44627,72.31436,71.63137
2023-07-07,73.909996,70.7824,72.04291,72.012146,71.64719,72.06284,71.962425,72.73514,72.1318
2023-07-10,73.05,72.481,74.08922,73.76683,73.18388,73.73895,73.761635,74.26699,73.304726
2023-07-11,74.869995,71.93371,73.83183,73.24667,72.800735,73.37977,72.843735,74.50478,73.61246
2023-07-12,75.770004,73.52585,75.24281,74.165535,74.2657,74.17696,75.05722,75.1274,74.807884
2023-07-13,76.86,75.524,76.3622,75.422905,75.01958,75.34697,74.93382,76.211395,75.18948
2023-07-14,75.439995,75.08019,77.342064,76.26528,76.38482,76.16501,76.989044,77.17338,76.81319
2023-07-17,74.17,74.77393,76.73857,76.16974,75.59155,76.02581,74.90735,77.309845,76.56893
2023-07-18,75.76,72.52273,75.2594,74.1522,74.60663,74.32815,74.437775,75.714584,75.713715
2023-07-19,75.399994,75.64456,76.41413,75.74223,75.34094,75.72548,74.50015,76.7591,75.68687
2023-07-20,75.65,74.21809,76.1924,75.54571,75.14569,75.788216,74.87508,77.16644,75.83458
2023-07-21,77.06,75.912224,76.766884,76.16021,75.48382,76.41888,74.24693,77.663155,75.98744
2023-07-24,78.81,76.04626,78.03463,76.94068,76.18301,77.291954,76.30295,78.51258,76.559906
2023-07-25,79.76,78.43124,79.569046,78.19108,77.47656,78.67023,77.47115,79.799965,77.32447
2023-07-26,79.11001,76.21234,80.60479,78.56578,78.88328,79.14013,79.660675,80.55148,78.91486
2023-07-27,80.17,77.39719,80.03402,78.78388,78.834854,79.27276,79.08401,80.713936,79.30994
2023-07-28,80.55,78.66704,80.80217,79.9853,79.83369,79.98186,80.037155,81.40296,79.77428
2023-07-31,81.8,75.86578,80.76866,80.28745,80.532906,80.39033,80.67309,81.3815,80.56947
2023-08-01,81.37,81.10032,81.9474,82.2378,81.229965,81.8944,80.370476,82.7101,80.76256
2023-08-02,79.5,79.86141,81.86198,82.02054,81.059006,81.89365,80.29255,83.442474,80.809044
2023-08-03,81.560005,77.047554,80.13168,79.632805,79.229324,80.120804,78.20351,82.07048,80.07391
2023-08-04,82.76,77.125114,80.088135,79.07087,78.76505,79.83413,78.46253,81.71027,79.791016
2023-08-07,81.939995,79.09105,80.72646,79.87499,79.38026,80.66871,79.1037,82.4411,80.2057
2023-08-08,82.939995,81.004776,82.21871,81.380806,80.363495,82.09455,78.993965,83.63794,80.885025
2023-08-09,84.350006,81.58435,82.99448,82.0443,80.912155,82.70325,79.87942,84.3391,81.18739
2023-08-10,82.81,83.07031,84.696396,83.19146,82.048744,83.84835,81.85453,85.556,81.731125
2023-08-11,83.17,81.909225,84.17198,81.89735,81.244064,83.18707,81.2854,85.3795,81.54213
2023-08-14,82.5,82.03618,84.621284,81.870605,81.71116,83.14723,82.33829,85.59939,81.510086
2023-08-15,81.06,77.91337,80.769615,77.884766,78.14826,79.91568,77.53521,82.51151,79.95735
2023-08-16,79.4,79.111084,82.43008,79.352005,79.93382,80.85013,81.09699,82.69961,80.14589
2023-08-17,80.43001,79.60928,81.33482,79.1862,79.157684,80.66663,78.547615,82.62692,79.663315
2023-08-18,81.25,79.009636,80.872635,78.82163,78.56609,80.144745,78.315506,82.06481,78.986595
2023-08-21,80.71001,79.31609,82.005936,80.05758,80.09914,81.00363,80.642334,82.68953,79.58012
2023-08-22,80.25,79.950096,81.487305,79.99712,79.6178,80.837585,79.56619,82.63375,79.56959
2023-08-23,78.909996,78.63007,81.161476,79.41557,79.46997,80.128525,80.292534,81.93739,79.4422
2023-08-24,79.520004,78.6729,80.0641,78.69049,78.4698,79.20354,78.06776,80.90139,78.911194
2023-08-25,80.47,78.82585,80.4397,78.84752,78.64246,79.281334,78.95037,80.547264,78.72162
2023-08-28,80.65,78.855896,81.07636,79.566315,79.426605,79.731125,80.03216,80.701225,78.883736
2023-08-29,81.14,78.62858,81.393,80.04265,79.99178,80.16625,80.965,81.084595,79.60675
2023-08-30,81.64,79.478806,81.8102,80.816246,80.226616,80.53155,80.74163,81.59549,79.87917
2023-08-31,83.55,80.378654,82.700775,81.60796,80.89044,81.211655,81.450485,82.39116,80.44351
2023-09-01,85.52,81.83846,84.435616,83.20022,82.277466,82.86466,82.98195,83.89578,81.483665
2023-09-05,86.740005,81.15919,86.216194,84.80012,83.8826,84.27837,85.61353,85.46975,83.149925
2023-09-06,87.55,83.09426,87.50241,86.12494,84.92061,85.52927,86.47831,87.102806,84.48575
2023-09-07,86.87,84.41653,88.42545,86.61599,85.916245,86.03819,87.73629,88.09522,85.80989
2023-09-08,87.51,83.01808,88.053345,86.39195,85.70208,86.0047,87.29996,88.21874,86.470695
2023-09-11,87.3,85.91497,88.44331,86.490746,85.6041,86.12301,85.862526,88.47692,85.86979
2023-09-12,88.87,84.45959,88.33165,85.844215,85.77082,85.94935,87.16215,88.17215,85.53944
2023-09-13,88.590004,87.231926,89.46603,87.530914,86.76313,87.42988,86.9267,89.2394,85.70769
2023-09-14,90.130005,84.270164,90.18882,88.3606,87.16243,88.17728,87.84119,90.40895,86.85529
2023-09-15,90.83,86.86681,90.5938,89.067345,88.45726,88.68477,90.387695,91.181694,87.69328
2023-09-18,91.47,87.59929,92.11626,90.4478,89.019356,90.10219,89.10917,92.47489,88.48581
2023-09-19,91.159996,88.19767,92.24745,90.979416,89.59166,90.613434,90.66182,93.44281,89.1633
2023-09-20,89.2,84.895676,91.96203,90.059074,88.46645,89.89265,88.83537,93.158615,89.36462
2023-09-21,89.56,85.73581,91.25205,89.43046,87.89971,89.32251,88.71318,92.413025,89.0926
2023-09-22,90.0,87.58892,91.48363,88.316025,87.2831,88.688354,87.78306,91.854355,88.25705
2023-09-25,89.68,85.84527,92.42348,89.03414,87.95569,89.65491,89.00655,92.48891,88.80736
2023-09-26,91.43,86.7432,91.6068,88.49571,87.93732,88.99526,89.74525,92.146965,88.67699
2023-09-27,93.67,88.060295,93.19681,90.32954,89.16938,90.465805,90.57413,93.2639,89.301025
2023-09-28,91.65,89.90739,94.56745,92.32772,90.91806,92.35481,92.50882,94.86014,90.45346
2023-09-29,90.770004,87.70084,93.747635,91.095726,89.91368,91.306305,91.00437,94.4885,90.48114
2023-10-02,88.810005,84.97558,93.00892,90.59503,89.233894,90.655785,91.11485,93.87973,90.46566
2023-10-03,89.26,85.77189,91.28967,88.72089,87.59879,88.94474,88.57566,92.03592,89.56632
2023-10-04,84.32,84.6206,91.16285,88.22909,87.96388,88.4542,89.60269,90.75621,88.93892
2023-10-05,82.299995,82.25534,86.99963,85.08553,84.517105,85.53118,84.6555,87.965355,87.26347
2023-10-06,82.83,82.41166,85.183975,83.64761,82.71033,84.0071,83.2185,86.4358,85.84701
2023-10-10,85.89,83.055626,84.72345,83.65586,82.801704,84.05914,83.0581,85.886765,84.977135
2023-10-11,83.700005,83.56674,86.91728,86.00569,85.05851,86.16189,86.13712,87.351585,85.60318
2023-10-12,82.87,83.71847,85.94556,85.62513,84.19809,85.7628,85.08474,87.17892,86.08761
2023-10-13,87.67,82.803314,85.00631,84.585815,83.31105,84.51138,84.04174,85.89663,85.57889
2023-10-16,86.649994,86.30746,88.38205,87.62652,86.367004,87.20897,87.41279,87.47923,86.58161
2023-10-17,86.66,84.218185,87.69545,86.75438,86.23962,86.621086,86.74529,87.360016,86.66609
2023-10-18,88.35,85.990395,88.29039,87.142166,86.30028,86.90457,86.507774,87.41422,86.652954
2023-10-19,89.35,86.69752,89.10876,87.93135,87.469154,87.47692,88.267235,87.85683,86.36538
2023-10-20,89.119995,88.03533,90.15703,88.921486,88.39217,88.43474,87.64708,88.85793,86.95374
2023-10-23,85.49,88.31469,90.56593,89.057434,88.58631,88.65037,88.11823,89.2451,87.19877
2023-10-24,84.58,84.00971,87.30964,85.57312,85.62897,85.77932,82.0173,85.88169,85.42837
2023-10-25,86.07,82.77312,86.71617,84.92478,85.36182,84.97153,84.518486,84.750755,84.11389
2023-10-26,83.8,83.48918,87.154884,85.99672,86.42591,85.85138,86.160904,85.604385,84.42907
2023-10-27,86.04,83.94042,85.393936,85.20478,85.17808,85.048904,81.822296,85.123535,84.31736
2023-10-30,83.03001,85.24348,86.70048,86.7676,86.22135,86.18922,82.8317,85.76216,84.43625
2023-10-31,81.64,82.52489,84.56388,85.31938,84.7132,84.60321,82.50805,84.77806,83.83007
2023-11-01,81.05,81.89266,83.221924,84.278725,83.60624,83.47641,82.213776,83.80003,83.29195
2023-11-02,83.04,80.73878,82.20445,82.837135,82.836006,82.326744,82.28772,82.69526,82.33988
2023-11-03,81.19,81.76016,83.08806,83.55668,83.760994,83.04887,81.71045,83.16179,82.134415
2023-11-06,81.54,82.42237,82.52178,83.40343,83.0258,82.63011,82.611176,82.77606,82.35
2023-11-07,77.96,81.23325,82.123985,83.17772,82.83573,82.15729,81.511925,82.17099,81.94111
2023-11-08,75.85,78.62606,79.66242,80.9949,80.539314,80.06805,81.05258,79.98588,80.70062
2023-11-09,76.34,73.13787,76.84401,78.332634,78.484146,77.17241,76.02125,77.19997,76.98221
2023-11-13,78.86,77.03829,77.43498,78.18223,78.74362,77.020966,79.087776,77.419624,76.74057
2023-11-14,78.9,79.05189,78.20834,79.92203,80.11891,78.31807,81.246475,78.19611,77.34727
2023-11-15,77.149994,79.92064,78.75026,81.13242,80.37893,78.97827,78.6721,78.72659,77.94675
2023-11-16,73.5,78.566475,79.00839,81.40325,80.33638,78.96071,79.79485,78.7417,77.904884
2023-11-17,76.46999,75.50619,75.19068,78.28791,77.21099,75.922554,79.71675,75.53074,76.62592
2023-11-20,78.1,77.639275,76.57329,79.26275,78.50648,77.10842,81.48715,75.88236,76.511246
2023-11-21,78.35,79.03787,78.71273,80.54864,80.37405,78.74518,82.101616,77.58191,77.0404
2023-11-22,76.8,80.13977,78.716705,81.0848,80.431404,79.169106,85.268555,78.12082,77.78409
2023-11-24,74.829994,77.83765,77.462975,79.80413,79.14012,77.8405,83.082985,77.099335,77.44703
2023-11-27,74.46,74.399635,75.789154,77.58698,77.60927,75.79519,78.50972,75.40958,75.49512
2023-11-28,76.090004,77.18286,75.49298,77.302155,77.67372,75.799614,80.81952,75.372086,75.36916
2023-11-29,77.560005,79.64144,78.667435,80.26105,80.413055,78.40703,83.7489,77.55787,76.59314
2023-11-30,75.659996,78.61929,77.686516,80.363785,79.52935,78.21882,80.22906,77.745316,77.46548
2023-12-01,73.7,76.9448,76.28809,79.219635,78.24543,76.9293,82.8212,76.11657,77.03845
2023-12-04,72.73,75.289024,74.93872,77.25274,76.80913,75.57987,83.024086,74.55488,76.06851
2023-12-05,71.95,74.19222,73.40104,75.69436,75.86863,74.607285,79.468605,73.322174,74.61897
2023-12-06,68.98,74.40863,73.12927,75.05022,75.58587,74.18113,80.4954,72.60807,74.0206
2023-12-07,69.0,73.49575,71.60481,74.21072,74.5056,73.16199,80.407166,71.360565,73.428856
2023-12-08,70.87,73.41266,72.112724,74.80727,74.79389,73.453224,78.06328,71.50711,72.799805
2023-12-11,70.95,73.39724,71.862366,74.6777,74.472435,73.19452,79.88492,71.68737,72.74143
2023-12-12,68.27,73.7039,72.0549,75.11601,74.64456,73.43834,81.827225,72.104515,73.10733
2023-12-13,69.09,72.29323,70.9925,74.24518,73.61283,72.468056,79.2869,70.99806,72.81984
2023-12-14,71.20999,72.348465,71.27693,74.24664,73.70968,72.422516,77.69989,70.80841,72.239784
2023-12-15,71.049995,72.97375,71.43949,74.175415,73.72384,72.51297,80.35773,71.021996,72.24919
2023-12-18,72.159996,73.08996,71.595116,74.49894,73.88138,72.829636,81.41586,71.41905,72.60498
2023-12-19,73.229996,72.27673,71.99992,74.59527,74.092094,72.946304,78.231155,71.74049,72.80205
2023-12-20,73.869995,72.0253,72.9201,75.0846,74.58374,73.616325,77.999695,72.43088,73.4918
2023-12-21,73.59,72.04474,73.381355,75.062874,74.86967,73.953384,78.06794,73.29022,74.12917
2023-12-22,73.29,75.12529,73.28669,74.812904,74.74141,73.740456,78.129326,73.51776,73.977165
2023-12-26,75.840004,74.4594,73.16877,75.06016,74.63695,73.85531,76.95684,73.68434,74.05676
2023-12-27,74.31,75.86655,75.594795,77.27307,76.50528,76.04584,77.606926,75.4518,75.09983
2023-12-28,72.02,74.894646,75.028786,76.62205,75.80753,75.762794,76.82112,75.972,75.021385
2023-12-29,71.89,71.72468,72.99586,74.573555,74.090935,73.77856,76.22277,74.343735,74.22849
2024-01-02,70.62,71.8123,72.807106,74.10536,73.68359,73.369255,73.40189,73.66265,73.603546
2024-01-03,72.97,69.28134,71.30346,72.89688,72.66112,72.17861,71.03696,72.51685,72.60786
2024-01-04,72.38,70.85587,73.05212,74.74624,74.00764,73.670616,72.30488,73.55293,72.75078
2024-01-05,73.99999,70.17184,72.50829,74.82276,73.715675,73.49916,71.22119,73.932014,72.91764
2024-01-08,71.06,72.525925,73.809715,76.34137,74.592766,74.69562,71.20201,74.74139,73.1911
2024-01-09,72.43,69.38629,71.67573,74.27219,72.72966,72.89858,68.34469,73.527435,72.424866
2024-01-10,71.56999,68.3538,72.293175,74.25828,73.132095,72.88147,71.29209,73.40063,72.458855
2024-01-11,72.15,69.984886,71.82011,73.81866,72.636375,72.5149,68.526794,73.227425,71.92437
2024-01-12,72.94,71.14202,72.024475,74.583824,73.04602,72.87428,72.395454,73.7491,72.605064
2024-01-16,72.63,71.55329,72.49581,74.79762,73.71565,73.33269,72.67363,74.273155,73.61764
2024-01-17,72.79,68.79982,72.607506,74.12894,73.50531,73.205284,72.24665,74.24271,74.22478
2024-01-18,74.31999,73.27634,73.09835,74.147705,73.78371,73.5916,73.24579,75.06035,74.210976
2024-01-19,73.69,73.75279,74.06249,74.205086,74.23246,73.68627,74.161354,75.318146,74.286705
2024-01-22,75.26,72.46599,73.65706,74.20402,73.892075,73.71087,72.6978,75.164955,74.51609
2024-01-23,74.71999,72.35833,74.41978,74.159546,74.22423,73.67239,73.93104,74.792076,74.18941
2024-01-24,75.48,71.77764,73.968575,73.50321,73.545166,73.35086,70.960236,74.33528,73.652855
2024-01-25,77.909996,72.46367,74.609024,74.413246,74.46768,73.9877,74.49979,74.42078,73.696266
2024-01-26,78.450005,75.17744,77.17608,77.06504,76.70755,76.45254,76.94916,76.22724,75.08121
2024-01-29,77.25,76.80944,77.83612,78.52431,77.69921,77.88385,77.36444,77.75484,76.00669
2024-01-30,78.3,76.7062,77.3278,77.840675,76.88454,77.449646,74.83754,77.76048,75.849144
2024-01-31,76.28,78.26889,78.899475,78.914474,78.01685,78.653786,77.49556,79.222176,76.76247
2024-02-01,74.35999,74.51697,77.1221,76.89894,76.943306,76.97901,76.69549,78.5162,77.271164
2024-02-02,72.71999,71.72167,75.62061,75.47902,75.33077,75.51646,74.71271,77.098755,76.7142
2024-02-05,73.21,71.43714,74.126564,74.03541,73.753586,74.31094,73.213196,75.8814,75.96005
2024-02-06,73.829994,73.47608,74.22525,73.64315,73.702866,73.98056,72.37077,75.3535,74.92198
2024-02-07,74.26,72.6663,75.37052,74.60993,74.078064,74.99377,73.21859,75.90774,75.17463
2024-02-08,76.67,74.98865,75.38138,74.83827,74.37465,75.11802,74.16228,76.07217,75.00739
2024-02-09,77.259995,73.09138,77.638916,76.59914,76.12451,76.37734,76.596054,77.11984,76.96555
2024-02-12,77.34,77.14795,77.59738,77.37662,76.68928,76.832924,76.74656,77.998985,77.13275
2024-02-13,78.28001,73.95189,78.676445,77.5036,76.77492,76.96737,77.569756,78.35883,77.698654
2024-02-14,77.09,73.15616,78.49528,77.935165,77.87789,77.35767,78.49621,78.469666,79.420944
2024-02-15,78.47,75.442116,78.864204,78.19213,77.37493,77.53661,77.69955,78.73861,79.206215
2024-02-16,79.65,74.216675,78.87776,78.36835,77.71069,77.72764,78.734344,79.077736,79.109825
2024-02-20,78.72,77.00779,80.81191,80.05898,78.81531,79.37402,79.98593,80.657234,79.726265
2024-02-21,78.89,77.423904,80.40948,79.06881,78.064644,78.8921,78.66291,80.53601,79.55175
2024-02-22,79.64,77.64114,80.7374,78.78319,77.88882,78.849884,79.04179,80.48006,79.37233
2024-02-23,77.6,79.70634,81.700424,79.01454,78.53738,79.52513,79.00386,81.13845,78.97566
2024-02-26,78.53,74.78975,80.10554,77.51734,76.983826,78.30534,77.16391,80.15026,78.844864
2024-02-27,79.8,75.32974,80.39296,78.29665,77.4217,78.758965,79.13581,80.352104,79.06845
2024-02-28,79.44,77.12165,82.2816,79.94893,78.84368,80.38108,80.22297,81.763885,79.88766
2024-02-29,79.22,78.38355,81.27592,79.14855,78.41253,79.77853,79.17992,81.9639,79.39959
2024-03-01,80.9,74.62771,81.50902,78.77698,78.091156,79.409874,79.7218,81.61547,79.60788
2024-03-04,79.670006,80.3082,82.16155,79.88387,79.22922,80.1611,79.99697,82.364395,79.50745
2024-03-05,79.11001,77.4902,81.44025,78.958176,78.68301,79.401634,79.77857,81.50845,79.55199
2024-03-06,80.08,75.20729,80.62309,79.00496,78.30782,79.30241,79.720634,81.1324,79.579025
2024-03-07,79.81,75.62606,81.614655,79.739685,79.124374,79.89615,80.412735,81.48224,80.28732
2024-03-08,78.96001,76.614456,81.20731,80.07538,78.914055,80.29331,79.858925,82.21555,80.36854
2024-03-11,78.869995,74.925674,80.482605,79.01203,78.12879,79.41582,79.192856,81.37776,80.095535
2024-03-12,78.509995,76.74473,80.47928,78.784386,77.753624,79.26751,78.70448,80.908844,79.77497
2024-03-13,80.670006,75.76753,80.268036,78.449234,77.375534,79.07018,78.59529,80.33084,79.6387
2024-03-14,82.16,76.8727,81.94474,80.03018,78.68366,80.57409,80.463844,81.55217,80.36015
2024-03-15,81.939995,77.89406,83.5587,81.389885,79.842316,81.88064,81.547646,82.89236,81.47756
2024-03-18,83.68,76.8279,83.66333,81.267075,79.89649,81.86828,81.75271,83.41754,82.11505
2024-03-19,84.39,82.21082,85.60316,82.56596,81.39476,82.81583,82.66576,84.62465,82.075836
2024-03-20,82.79,83.41283,86.059105,82.53758,81.832344,82.9674,83.78255,85.38724,81.75521
2024-03-21,81.990005,79.253944,84.79547,81.58959,81.477615,82.101746,83.258514,84.694885,82.35355
2024-03-22,81.1,78.37347,84.52751,82.04013,81.08187,82.20833,82.73064,84.81288,82.43555
2024-03-25,82.409996,80.99598,83.25618,80.759926,80.32362,81.15004,80.789276,84.22075,81.41225
2024-03-26,82.409996,80.24165,83.803764,81.139534,81.13664,81.57179,82.03201,84.32212,81.32636
2024-03-27,82.15,81.1108,83.7835,81.712654,81.19073,82.07834,81.92249,84.6735,81.40319
2024-03-28,83.96,78.6977,84.39498,82.87958,81.64441,82.87463,82.65623,85.122086,82.25392
2024-04-01,84.54,79.52011,85.11397,84.26569,82.52359,83.91846,84.34725,86.034874,83.3172
2024-04-02,85.950005,83.3061,85.94593,84.04361,82.78192,83.86787,83.290855,86.41316,83.37271
2024-04-03,86.22,83.850266,87.40588,84.73631,83.73825,84.66867,84.942116,87.242,83.78817
2024-04-04,87.369995,81.3481,87.80393,85.2833,84.38865,85.34251,86.37819,88.031425,84.854164
2024-04-05,87.689995,79.790405,88.14318,86.02905,85.569145,85.70909,87.0076,88.01824,86.75064
2024-04-08,87.24,85.04758,88.4324,87.08606,85.963715,86.40081,86.6775,88.87121,86.82058
2024-04-09,86.04,81.02494,87.77199,86.19442,84.70581,85.805786,85.73509,89.14341,86.49407
2024-04-10,86.98,80.84172,87.362495,85.657486,84.02168,85.29986,86.019585,88.85551,86.1774
2024-04-11,85.79,85.25411,88.92916,86.21834,84.93708,85.99147,86.10664,89.68867,85.883125
2024-04-12,86.46001,81.175804,88.00437,85.37648,83.87348,85.65638,85.713745,89.53112,86.03931
2024-04-15,86.21,84.51478,88.75239,85.56692,84.33733,85.718895,85.779,89.39617,86.00771
2024-04-16,86.15,84.038635,88.79691,84.88425,84.078476,85.33889,85.83551,89.2443,85.635506
2024-04-17,83.579994,83.65462,88.72023,85.711464,84.69998,86.15536,86.7752,89.59177,85.887276
2024-04-18,83.50001,79.700294,86.901596,83.686424,82.55292,84.44137,83.77321,87.55709,85.22841
2024-04-19,83.79,77.98394,85.932144,83.23611,82.36878,83.89145,83.6141,86.18476,84.364914
2024-04-22,83.82001,83.0528,86.00609,83.22443,82.544815,83.68701,83.09129,86.392044,83.642044
2024-04-23,84.17,80.33539,86.259,83.79391,82.542496,84.08601,83.98956,85.98652,84.101845
2024-04-24,84.09,81.410645,85.82247,83.75498,82.84819,83.83256,84.20837,85.55401,84.21698
2024-04-25,84.92,83.62686,86.761826,84.379,83.29581,84.28732,84.34545,85.80675,83.99081
2024-04-26,85.380005,81.479546,87.12537,85.46233,83.91665,85.38697,85.06421,86.300835,85.01426
2024-04-29,84.26,81.40221,87.514336,85.5671,83.761215,85.42876,85.94183,86.400955,85.73485
2024-04-30,83.49,80.842026,87.007195,84.76918,82.960304,84.8761,84.63285,85.699646,85.78649
2024-05-01,80.7,80.12864,85.98762,83.55139,81.82595,84.069756,83.83421,84.56407,85.2248
2024-05-02,80.590004,77.19713,83.98204,80.82359,79.76083,82.02479,80.324776,82.03541,83.49154
2024-05-03,79.65,77.706825,83.607124,80.55944,79.22827,82.06941,81.99125,81.53916,82.91345
2024-05-06,80.1,77.75388,82.4489,79.81443,78.71148,81.52765,80.81799,81.09337,82.45264
2024-05-07,79.97,77.94866,82.90785,80.2501,78.93463,81.92589,81.27384,80.97279,82.37834
2024-05-08,80.57,77.023926,82.43116,80.00451,78.69217,81.66551,80.35709,80.63702,82.25262
2024-05-09,80.86,79.68708,82.62085,79.974625,79.37665,81.34086,80.10821,80.776825,81.61905
2024-05-10,79.81,77.98358,83.14162,81.0141,79.76451,82.03089,81.217,80.73977,82.19213
2024-05-13,80.71001,77.515945,81.88329,80.464714,79.233406,81.2927,80.56788,80.04276,82.15101
2024-05-14,79.619995,77.67624,82.722466,80.87279,79.73546,81.54722,80.79266,79.820076,82.12309
2024-05-15,80.23,77.8701,81.45702,80.056915,78.97374,80.90061,80.58755,79.42583,81.62095
2024-05-16,80.85,76.90679,82.05212,80.263275,79.375465,81.02645,80.08629,79.370445,81.63849
2024-05-17,81.659996,78.22837,82.25265,80.77357,79.826706,81.46515,80.94875,79.96847,81.88918
2024-05-20,81.39001,79.2716,83.17614,81.93098,80.57791,82.45483,82.427795,80.850845,82.612274
2024-05-21,80.659996,78.373924,82.94879,81.64102,80.23757,82.19335,81.866035,80.8901,82.83051
2024-05-22,79.149994,81.24655,82.71572,80.719986,79.94993,81.24823,80.41052,80.68252,81.73435
2024-05-23,77.46999,80.51264,81.91649,79.57785,79.36067,80.11942,80.308464,79.539955,80.49176
2024-05-24,78.48,76.61966,79.8322,78.26912,78.044586,78.69888,77.85054,77.879456,79.57653
2024-05-28,80.9,77.49378,80.66713,79.57754,78.87788,79.78609,80.90413,78.40083,79.96445
2024-05-29,80.240005,79.3812,82.33147,81.690475,80.65828,81.77472,83.13287,80.1987,81.24744
2024-05-30,78.96001,80.72818,81.65811,80.83566,80.17078,80.98077,80.73211,80.64823,80.835335
2024-05-31,77.97,78.42588,81.04719,79.47058,79.33505,79.59224,80.20847,79.55713,79.72126
2024-06-03,75.26,78.16961,79.53601,78.52261,78.675415,78.57627,78.32986,78.43462,78.80253
2024-06-04,74.27,76.280396,78.01382,77.80009,77.59096,77.75016,78.80462,77.229836,78.327446
2024-06-05,75.079994,74.19979,75.68596,76.243004,76.0632,76.181274,76.51563,75.6814,77.09875
2024-06-06,76.520004,75.930305,76.696236,77.008606,76.68686,77.0125,78.93841,76.105156,76.89572
2024-06-07,76.53,76.51696,77.364655,77.84661,77.3252,77.95691,79.82428,76.95806,77.33423
2024-06-10,78.75,72.87814,77.27092,77.510056,77.25561,77.47226,77.25588,76.71416,77.44984
2024-06-11,78.880005,76.66901,78.70023,78.714264,78.62196,78.44682,79.31722,77.824425,78.067444
2024-06-12,79.560005,79.97365,79.38204,79.662636,79.27223,79.06063,80.534805,78.95875,78.599945
2024-06-13,79.61,80.09805,79.85436,80.34091,79.65052,79.50058,78.73813,79.559784,79.00117
2024-06-14,79.41,79.93209,80.29289,80.489845,79.713066,79.72058,79.6593,79.71414,79.064865
2024-06-17,81.33,79.7138,80.333466,80.43697,79.76461,79.90594,79.83793,79.77312,79.1628
2024-06-18,82.670006,79.334045,81.84539,81.44955,81.19224,80.9761,82.12378,80.794205,80.29833
2024-06-20,83.34,82.022285,83.09051,82.69905,82.20442,82.28292,82.27973,82.25528,81.22266
2024-06-21,81.71001,81.16051,83.65433,83.278984,83.0703,82.7183,83.8485,83.034874,82.58067
2024-06-24,82.630005,81.81294,83.02497,82.71137,82.14368,82.30162,81.284996,83.03259,82.2372
2024-06-25,81.97,80.25203,83.213936,82.68899,82.6695,82.30949,82.963196,82.93926,82.78113
2024-06-26,82.19,80.04719,82.478584,82.32226,82.21209,82.01594,81.82924,82.77056,82.45445
2024-06-27,83.04,81.975395,82.69759,82.75412,82.21958,82.34551,81.77457,83.0465,82.41312
2024-06-28,82.83,82.024925,83.339195,83.5827,82.8155,83.09413,82.241455,83.716805,82.718025
2024-07-01,84.700005,80.79376,83.61613,83.73472,82.89174,83.31101,83.10889,84.067116,83.134125
2024-07-02,84.09,83.471794,85.378784,85.228004,84.1007,84.793396,84.57776,85.590065,83.97223
2024-07-03,85.19,81.3892,85.10154,84.76445,84.0331,84.4252,84.5533,85.61012,84.70175
2024-07-05,84.44,84.16901,86.29085,85.85486,84.82001,85.36444,85.31987,86.57263,85.08378
2024-07-08,83.630005,82.51979,86.488945,85.706085,84.61682,85.26897,85.13646,86.58547,85.417725
2024-07-09,82.78,80.95462,85.23692,84.6484,83.561806,84.45873,84.15173,85.611374,85.08969
2024-07-10,83.39,80.071045,84.704765,83.47383,82.89462,83.443985,83.00432,84.26093,84.23039
2024-07-11,83.92,82.556244,84.74878,83.92,83.00584,83.91788,83.67783,84.56979,84.14087
2024-07-12,83.49,82.003525,85.147896,84.295296,83.28413,84.27931,84.01003,85.03538,84.49939
2024-07-15,83.21999,81.16208,84.92984,84.19063,83.12186,84.151985,83.76623,84.79207,84.53115
2024-07-16,81.92,82.55152,85.23308,84.47796,83.10523,84.425156,83.90628,85.063324,84.62867
2024-07-17,84.16,81.23433,84.02685,83.1704,81.91775,83.41924,82.64532,84.131744,84.15728
2024-07-18,84.17,82.41224,85.64606,84.49432,83.22911,84.63206,84.41757,84.9577,84.5868
2024-07-19,81.43,81.71152,85.70469,84.51536,83.49755,84.749306,84.41016,85.12257,84.959656
2024-07-22,81.25,81.60199,84.2082,83.1251,82.02898,83.418365,82.7039,83.97371,84.25277
2024-07-23,78.240005,77.3679,83.268364,81.86084,81.48962,82.14617,81.42958,82.36107,82.98339
2024-07-24,78.78,75.20507,80.05301,79.25004,79.224525,79.70974,78.34981,80.08568,80.9768
2024-07-25,79.43001,79.89429,80.45584,80.11381,79.70925,80.25243,80.16529,80.42188,80.70915
2024-07-26,78.58,79.83913,80.261055,80.72091,79.93958,80.69092,79.84298,80.85969,80.905266
2024-07-29,77.27,79.00125,79.54618,80.26406,79.24716,80.134766,79.23594,80.395004,80.54407
2024-07-30,76.17,78.39932,79.29338,79.596275,78.61133,79.49745,79.38211,79.62373,80.04212
2024-07-31,79.36,77.02341,77.875595,78.25157,77.583145,78.38232,79.113594,78.41273,79.42468
2024-08-01,77.74,79.74321,80.414345,80.37354,79.66482,80.357956,81.99985,79.499756,80.089325
2024-08-02,74.99,76.23,78.91742,79.06757,78.83894,79.04372,78.90909,78.590836,79.679886
2024-08-05,74.46,75.67922,76.782104,77.09004,76.72719,77.08764,78.015755,76.790535,78.55488
2024-08-06,74.6,74.70173,75.83925,76.02672,75.95953,76.00574,77.23708,75.642456,77.0704
2024-08-07,76.68,75.66471,75.296165,75.82596,75.90949,75.89666,76.055954,75.47829,76.34021
2024-08-08,77.64,76.32964,77.0405,77.53449,77.320694,77.383125,78.58869,76.48315,76.94642
2024-08-09,78.28001,77.80477,77.90502,78.73229,78.108284,78.42532,80.07718,77.80004,77.75727
2024-08-12,81.45,77.53396,78.7855,79.35308,78.69577,78.87247,81.40711,78.54188,78.594055
2024-08-13,79.81,80.19527,81.46868,81.72572,80.85437,81.10519,82.015686,80.658615,80.15992
2024-08-14,78.47,80.03588,80.94875,80.947464,80.29035,80.656845,80.73792,81.15914,80.48335
2024-08-15,79.659996,79.081764,80.20766,79.70667,79.282585,79.62095,79.71439,80.20709,79.82545
2024-08-16,78.05,77.39718,80.48756,79.7473,79.88919,79.58612,80.08889,79.7486,80.27295
2024-08-19,75.82,79.303856,80.17553,79.781944,79.62197,79.6969,79.349396,80.023,80.05431
2024-08-20,75.27,76.114365,77.4734,77.514465,77.26571,77.47955,77.16396,77.943146,78.97047
2024-08-21,72.759995,75.937,76.99061,77.21,76.770905,77.27036,76.68093,77.22778,78.14469
2024-08-22,73.71999,72.34972,74.38101,74.605835,74.67098,74.95847,73.00901,74.9018,76.24006
2024-08-23,75.82,70.60745,74.5204,74.72977,74.821625,74.92742,73.897606,74.51449,75.22162
2024-08-26,78.4,75.91476,75.84077,76.449486,76.21196,76.44833,76.0979,76.0007,75.90062
2024-08-27,76.5,78.18282,77.94663,79.113525,78.190155,78.53574,79.35878,78.095604,77.31238
2024-08-28,75.49,74.41087,76.88932,77.98654,77.261116,77.3158,76.40894,77.706955,77.79012
2024-08-29,76.9,74.93238,76.32546,76.91259,76.31527,76.444695,75.817444,77.12201,77.21922
2024-08-30,74.52,76.59289,77.28584,77.75726,77.10898,77.3886,77.29557,77.85375,77.351166
2024-09-03,71.28,73.39468,75.03311,75.623024,75.60288,75.50538,74.8507,76.0878,76.58222
2024-09-04,70.11,71.36024,72.55611,72.909386,73.05169,72.8819,71.50786,73.18332,74.75662
2024-09-05,70.09,71.46353,71.287186,72.00327,72.04401,71.975784,71.98561,71.8937,73.64012
2024-09-06,68.58,68.49968,70.53808,71.49267,71.5921,71.43109,70.29078,71.087906,72.464294
2024-09-09,69.649994,67.22022,69.06429,70.45309,70.32549,70.31568,69.34157,70.04001,71.18409
2024-09-10,66.73,69.91429,69.40013,71.01464,70.756485,70.67482,71.76005,70.25818,71.10825
2024-09-11,68.25,68.14164,67.21354,69.294624,68.84461,68.82638,70.61523,68.60194,70.2831
2024-09-12,69.89,69.539665,67.99338,70.006096,69.4752,69.38237,71.49365,68.661736,69.750206
2024-09-13,69.59,70.11481,69.47712,71.34584,70.67006,70.69003,72.92288,69.726494,70.22053
2024-09-16,71.1,69.18699,69.46822,71.496895,70.53734,70.927055,75.46544,70.103836,70.641426
2024-09-17,72.159996,71.07161,71.055954,72.16716,71.572044,71.67704,76.446266,70.85446,71.14972
2024-09-18,71.869995,72.39866,72.33222,72.95185,72.50922,72.65201,75.89525,71.86515,71.900375
2024-09-19,72.86,72.904076,72.79182,73.05842,72.81711,72.92225,76.39427,72.44769,72.360374
2024-09-20,72.71999,72.39518,73.506294,73.27198,73.203255,73.16593,75.960365,72.88115,72.879486
2024-09-23,71.329994,71.09434,73.34745,73.379875,73.137,73.41398,73.91139,73.21673,73.57417
2024-09-24,72.340004,70.05573,72.1675,72.03965,72.13296,72.26931,72.136925,72.268036,73.32185
2024-09-25,70.42,71.923935,73.27573,72.969086,72.753265,73.32561,72.9849,73.15442,73.48035
2024-09-26,68.28,68.02287,71.10343,70.92606,71.2236,71.450226,70.53455,71.58257,72.96374
2024-09-27,68.72,68.530846,69.71639,69.66202,69.62387,70.10709,68.99244,70.34243,71.76959
2024-09-30,68.75,66.41385,69.16617,69.110016,69.325676,69.41986,68.91855,69.38682,70.97634
2024-10-01,70.409996,70.216415,69.53147,70.07444,69.84707,70.23571,69.81362,69.951614,70.74322
2024-10-02,70.74,69.42885,70.486984,71.12891,70.62684,70.99851,70.763504,70.79811,71.28679
2024-10-03,74.33,68.62867,71.01035,72.072586,70.84491,71.97362,69.62463,71.703766,71.98616
2024-10-04,74.93,72.581116,74.03533,74.42953,73.369514,74.26205,74.64663,73.79182,73.43234
2024-10-07,77.76,73.16575,75.19422,74.9988,74.09551,74.99462,75.256805,75.200294,74.37532
2024-10-08,74.26,76.58135,78.190926,77.390976,76.531006,77.1394,78.12902,77.227394,75.868034
2024-10-09,73.85,72.76643,75.83253,74.33293,74.094986,74.650635,74.58548,75.979805,75.25892
2024-10-10,76.46,72.479805,75.245186,73.388985,73.70576,73.77899,74.351974,74.78306,74.95631
2024-10-11,76.10999,75.06562,77.116974,75.3503,75.33199,75.72356,75.98016,76.02768,75.309204
2024-10-15,71.22,74.588425,76.843575,75.611046,75.427376,76.03454,75.85857,76.65617,75.82186
2024-10-16,70.96999,69.42343,73.179,71.78372,72.331535,72.51952,71.56925,73.250435,73.85317
2024-10-17,71.26,70.686424,72.55714,71.602745,71.56971,72.10133,71.0507,72.92117,72.87662
2024-10-18,69.78,69.159485,71.86289,71.42963,71.78864,71.94366,71.61541,72.72169,72.75658
2024-10-21,71.159996,69.385864,70.649605,71.12283,70.69054,71.51991,69.21579,72.348656,72.32778
2024-10-22,72.84,69.82885,71.52175,72.39483,71.405136,72.62134,71.234604,73.02425,72.6468
2024-10-23,71.37,71.42152,73.1847,74.02266,72.769485,74.14965,73.009224,74.37009,73.441986
2024-10-24,70.58,71.18163,72.30365,72.38913,71.62331,72.920456,71.044846,73.96152,73.21523
2024-10-25,72.02,69.06119,71.86776,71.30223,70.98035,71.93803,71.101845,73.07278,72.9788
2024-10-28,67.649994,70.042206,72.50688,72.03245,71.85208,72.52928,72.21751,73.21679,73.498726
2024-10-29,67.479996,67.63698,69.01828,68.434044,68.71862,69.02819,67.29119,70.00247,71.55037
2024-10-30,68.91,68.34042,68.64382,68.04008,68.23595,68.50839,67.688324,69.01076,70.1391
2024-10-31,69.58,69.06011,70.14462,69.89731,69.70084,70.38847,69.342224,70.15315,70.34185
2024-11-01,69.81,67.918976,70.27788,70.33243,69.848595,70.74168,70.09656,70.711334,70.64879
2024-11-04,71.83,68.92924,70.84202,70.92886,70.265076,71.30811,71.36462,71.45598,71.07142
2024-11-05,72.26,70.19851,72.41857,72.07127,71.34617,72.456184,72.23793,72.69017,72.054665
2024-11-06,71.98,70.56009,72.886986,72.19891,71.694,72.63,72.596016,73.29539,72.65058
2024-11-07,72.69,70.28539,73.11643,71.81903,71.49278,72.41974,72.25845,73.26419,72.78897
2024-11-08,70.689995,70.79527,73.458755,72.10426,71.86774,72.77351,72.992714,73.55039,73.098404
2024-11-12,68.43,69.10415,72.23788,70.61164,70.58824,71.44169,71.07292,72.39682,72.34972
2024-11-13,68.759995,67.13909,70.268295,68.46667,68.68431,69.611145,68.75212,70.51651,71.00171
2024-11-14,68.99,67.94518,70.621925,68.92834,69.06164,70.16897,69.42706,70.534325,70.60688
2024-11-15,67.329994,67.54894,70.29954,69.00674,68.91898,70.31074,69.358215,70.54367,70.474724
2024-11-18,69.46,67.51469,68.89218,67.76832,67.80003,69.04954,67.64736,69.64941,69.606964
2024-11-19,69.75,67.98794,70.41429,69.25211,69.02328,70.311676,69.81278,70.41762,70.00973
2024-11-20,69.24999,68.494064,70.33061,69.61538,69.63424,70.51389,69.99114,70.76948,70.77761
2024-11-21,70.39,68.60985,70.543755,69.82639,69.495094,70.463715,69.34823,70.921684,70.630745
2024-11-22,71.68,69.06925,71.13758,70.611046,70.18968,71.09892,70.43107,71.52348,70.88626
2024-11-25,69.409996,70.44509,72.23778,71.559296,71.15881,71.978836,71.65039,72.34318,71.36012
2024-11-26,69.049995,68.39701,70.699326,69.59733,69.686714,70.311584,69.646324,71.1844,70.88698
2024-11-27,69.03,68.441154,70.22463,69.06102,69.152985,69.86271,69.05962,70.6418,70.36847
2024-11-29,68.26,69.62861,70.569115,69.32207,69.53133,70.17008,69.42247,70.78215,70.2183
2024-12-02,68.35,67.72334,69.30835,68.31206,68.69043,69.18337,68.36968,69.80921,69.83313
2024-12-03,70.15,67.6931,69.32839,68.55975,68.57193,69.3426,68.41444,69.757355,69.60212
2024-12-04,68.81,69.434555,70.83821,70.22429,69.96308,70.86783,70.20562,70.997665,70.15751
2024-12-05,68.58,67.76607,69.53635,68.940956,69.326775,69.6177,69.08611,70.178215,70.35294
2024-12-06,68.58,68.03344,69.47532,69.034386,69.00065,69.454765,68.772,70.10237,70.088
2024-12-09,68.649994,68.39304,69.36002,69.22674,69.05865,69.58312,68.5409,70.28993,69.899956
2024-12-10,68.85,68.27271,69.04009,68.9453,68.9795,69.31874,68.569214,69.84886,69.78048
2024-12-11,70.56999,68.6059,69.64349,69.47883,69.18421,69.85147,68.80872,70.294174,69.77764
2024-12-12,70.24999,69.692085,70.88491,70.614624,70.21515,70.97298,70.29198,71.352486,70.45512
2024-12-13,71.54,69.15988,70.90808,70.45081,70.10978,70.94752,69.796295,71.66572,70.771484
2024-12-16,71.03,70.43944,72.19915,71.275505,70.95589,71.74943,71.32661,72.41147,71.34131
2024-12-17,70.31,70.20141,72.069786,70.938,70.83332,71.62331,71.10018,72.59744,71.604034
2024-12-18,70.799995,69.56671,71.51432,70.038704,70.21818,70.92235,70.39524,71.93398,71.28952
2024-12-19,70.1,70.00945,71.74734,70.16206,70.67088,70.979164,71.05897,71.78658,71.45549
2024-12-20,69.71,69.73362,71.16525,70.0647,70.20478,70.807686,69.77758,71.65649,71.093414
2024-12-23,69.5,69.2761,70.69482,69.67789,69.80621,70.42413,69.45355,71.263054,70.69173
2024-12-24,70.87,69.17444,70.40915,69.5317,69.59017,70.30859,69.1291,71.11738,70.33199
2024-12-26,70.380005,70.60112,71.72565,70.85809,70.65824,71.58088,70.5876,72.09906,70.78644
2024-12-27,71.28,71.08477,71.92142,71.04793,70.85518,71.82134,70.53801,72.54476,71.09683
2024-12-30,71.73,70.8003,72.202576,71.133934,70.96718,71.92385,70.86089,72.836586,71.404434
2024-12-31,72.439995,71.566475,72.80548,71.568054,71.442024,72.32371,71.74033,73.182014,71.7003
2025-01-02,73.79,71.961624,73.25414,71.81971,72.039696,72.57745,72.512764,73.43018,72.307594
2025-01-03,74.63999,74.526024,75.15993,73.79393,73.60408,74.31325,73.56161,74.84184,73.012276
2025-01-06,74.31,73.7562,75.36479,73.98888,74.08508,74.49851,74.31287,75.47455,73.811165
2025-01-07,74.99,73.82713,75.44977,74.16496,73.917946,74.624695,73.31102,75.771736,73.95059
2025-01-08,73.99,75.03306,76.15971,74.50632,74.37025,75.09035,74.337685,76.24864,74.10493
2025-01-10,77.27,73.942764,75.28565,73.50036,73.59421,74.507904,72.69823,76.00976,73.941574
2025-01-13,79.57,77.02178,78.11764,76.05783,75.88322,76.76486,76.31463,77.68739,74.8833
2025-01-14,78.200005,79.35954,80.137955,78.090965,77.76514,78.74205,77.57577,79.68137,76.18008
2025-01-15,80.73,76.27602,79.63779,77.63741,77.32217,78.45093,77.04243,80.24348,77.11269
2025-01-16,79.350006,79.27536,80.79527,78.405174,78.01253,79.08323,78.60405,80.91766,77.44998
2025-01-17,78.560005,77.88926,79.748436,76.84476,76.967476,78.22051,76.58879,80.48711,77.09021
2025-01-21,76.78999,78.024315,80.00239,77.004486,77.43652,78.533936,77.808105,80.61496,77.2542
2025-01-22,76.12,75.00636,78.25936,75.27765,76.01066,77.10567,75.844635,79.36548,76.53673
2025-01-23,75.03,75.00753,77.52586,75.20517,75.61374,76.82732,75.06275,78.834625,76.062096
2025-01-24,74.97,74.6238,76.90979,75.14902,75.0456,76.62669,74.25847,78.58909,75.77732
2025-01-27,73.509995,74.49391,76.094246,74.507355,74.33896,76.06515,73.23756,78.13954,75.246895
2025-01-28,74.149994,73.492134,75.301445,73.38928,73.37979,75.208206,71.62449,77.19797,74.46484
2025-01-29,72.94,73.32272,74.8264,72.90264,73.04247,74.7937,71.98017,76.45051,73.84005
2025-01-30,73.1,72.97403,74.410385,72.34549,72.5826,74.1933,71.22079,75.466385,73.39947
2025-01-31,72.84,72.14867,73.77796,71.94268,72.26489,73.60644,70.77898,74.50763,72.83689
2025-02-03,73.52,73.08372,74.23613,72.47441,72.63702,73.94719,71.30016,74.4784,72.714485
2025-02-04,73.03999,72.67831,73.94644,72.29722,72.49442,73.629654,70.91808,74.05019,72.272194
2025-02-05,71.39,74.40492,75.20686,73.515915,73.56477,74.57327,72.435036,74.76666,72.47199
2025-02-06,70.96999,71.608315,72.73537,71.34745,71.695915,72.589,70.34646,73.21174,71.595955
2025-02-07,71.32,69.650795,72.21898,70.75025,71.49641,71.61056,71.35332,72.2081,71.36345
2025-02-10,72.73,68.23824,70.85134,69.79727,70.54061,70.42338,69.001076,71.19098,70.45281
2025-02-11,73.67,73.800575,73.73508,73.0572,73.01247,73.139565,72.86515,73.124596,71.41808
2025-02-12,71.71999,71.88561,72.72426,72.64701,72.57261,72.80012,70.51086,73.223404,71.52093
2025-02-13,71.66,71.91876,72.90152,72.37476,71.97342,72.54194,70.32862,73.06464,71.54335
2025-02-14,71.049995,71.874825,72.2974,71.83773,71.734215,72.23215,70.924736,72.79179,71.385
2025-02-18,72.21,71.355865,72.247765,71.28643,71.38503,71.90439,69.99375,72.60542,71.37333
2025-02-19,72.58,72.42615,72.756905,71.87867,72.06933,72.47965,71.43758,72.92126,71.5658
2025-02-20,72.88,72.06048,73.16673,72.12137,72.52083,72.561005,72.29405,73.039925,72.03299
2025-02-21,70.71999,72.2213,73.26989,72.60526,72.84834,72.88746,72.814926,73.28194,72.30372
2025-02-24,71.06,71.11542,71.874146,71.31012,71.37177,71.58584,70.21332,72.28897,71.54767
2025-02-25,69.15,70.406456,71.49849,71.077255,71.43996,71.38124,71.385124,71.7978,71.15935
2025-02-26,68.87,70.09204,70.53496,70.40388,70.44958,70.74144,68.708435,71.17681,70.601814
2025-02-27,70.62,67.63383,69.52817,69.6194,69.675354,69.973,67.588844,70.22109,69.850945
2025-02-28,69.96999,69.813545,70.80843,70.789474,70.716675,70.98113,69.422226,70.961105,70.0542
2025-03-03,68.63,69.92029,70.27156,70.694855,70.55488,70.80118,70.28707,71.086815,70.27173
2025-03-04,68.47,68.45463,69.38137,69.86273,69.54288,69.83533,68.2846,70.43926,69.96799
2025-03-05,66.58,67.315346,68.932915,69.40201,69.156006,69.43858,67.52919,69.78363,69.5082
2025-03-06,66.62,66.780075,67.774155,68.39889,68.25601,68.541595,66.38994,68.798645,68.65522
2025-03-07,67.28999,66.511086,67.544075,68.115395,67.95684,68.17383,66.58045,68.317444,67.96442
2025-03-10,66.31,67.11605,67.70129,68.37434,68.1075,68.43201,67.64169,68.42195,67.9067
2025-03-11,66.52,65.30022,66.84274,67.679726,67.49528,67.65263,66.67617,67.741356,67.21087
2025-03-12,67.649994,65.19292,66.88669,67.4392,67.42661,67.144196,67.3359,67.2771,66.89465
2025-03-13,66.82,66.578606,67.90815,68.71371,68.32963,68.21247,66.26932,68.0889,67.181496
2025-03-14,67.43,66.041504,66.97966,68.0585,67.77714,67.354034,67.19725,67.59243,67.10577
2025-03-17,67.84,68.023476,67.819466,69.06808,68.37327,68.20209,66.14741,68.2714,67.18163
2025-03-18,67.49,68.20642,67.848656,69.006744,68.404396,68.36088,67.56271,68.641846,67.48135
2025-03-19,67.4,67.52074,67.79456,68.64681,68.29844,68.313446,66.71252,68.67816,67.47411
2025-03-20,68.55,67.76539,67.77016,68.137955,67.992065,68.062126,67.06088,68.57409,67.496254
2025-03-21,68.52,68.72572,68.52918,68.76771,68.72877,68.75068,68.597084,69.07944,67.87402
2025-03-24,69.46,69.06464,68.927635,68.92503,68.89901,68.941055,68.7326,69.339424,68.23629
2025-03-25,69.479996,69.83352,69.61026,69.50601,69.46552,69.5712,69.46559,69.78586,68.62523
2025-03-26,70.049995,69.58475,69.89358,69.5057,69.637375,69.637726,69.53234,69.96057,68.92746
2025-03-27,70.3,70.13181,70.346275,69.87879,70.11633,70.050095,70.22032,70.280136,69.3373
2025-03-28,69.74,71.31052,71.26019,70.750565,70.81578,70.88575,70.451584,71.0667,69.704956
2025-03-31,71.869995,70.43288,70.5968,70.196175,70.31814,70.45836,69.52856,70.890526,69.70497
2025-04-01,71.61,73.0931,72.93792,72.17721,72.14453,72.300865,71.616295,72.28581,70.52809
2025-04-02,72.119995,70.479294,72.450134,71.759285,71.73416,72.122025,71.25946,72.68401,71.14704
2025-04-03,67.43,72.351524,73.03201,72.09748,72.12844,72.44813,72.43849,73.18044,71.577415
2025-04-04,62.42,67.01825,70.33691,69.234055,69.47505,69.99566,69.19112,71.18292,70.637436
2025-04-07,61.050003,63.45751,64.796455,63.966354,65.01616,65.06784,63.493782,66.136505,67.46687
2025-04-08,60.04,62.23959,63.587116,62.368572,63.646584,63.557804,63.096478,64.2136,65.3449
2025-04-09,62.63,58.457947,60.493603,60.75081,61.88057,61.496426,60.220528,61.99028,62.430534
2025-04-10,60.570004,63.656124,62.51192,63.445465,63.397087,63.56943,63.878864,63.03631,62.663094
2025-04-11,61.91,61.280872,60.78256,62.966415,62.394997,62.55946,64.18434,62.59495,62.495586
2025-04-14,61.99,60.176598,61.503086,63.59982,62.83693,62.789845,63.102123,62.58904,62.2927
2025-04-15,61.739998,61.531815,61.95591,63.904102,63.02144,62.887375,62.519176,62.668846,62.28051
2025-04-16,62.879997,62.732132,61.538,63.987865,62.883392,62.709293,65.36706,62.5651,62.45726
2025-04-17,65.07,62.659813,62.42734,64.69083,63.567066,63.514805,64.88851,63.105667,62.80363
2025-04-21,63.480003,64.77716,64.22528,65.68909,65.11901,64.73007,66.912834,64.23862,63.39774
2025-04-22,64.6,61.172314,63.630066,64.71606,64.21035,64.009155,65.64784,64.28083,64.10289
2025-04-23,62.64,66.4827,65.566605,65.80035,65.81903,65.226036,68.017876,65.33781,64.57015
2025-04-24,63.55,61.46709,63.34271,63.467438,63.590794,63.201534,64.85798,64.18261,64.2776
2025-04-25,63.85,61.630226,63.332832,63.56072,63.86433,63.44951,63.95086,63.843693,64.57236
2025-04-28,63.300003,63.920856,64.066154,63.450977,63.96755,63.51538,64.44266,64.00888,64.14044
2025-04-29,61.84,62.0833,63.40849,63.61363,63.641727,63.628708,64.0722,63.95008,64.20644
2025-04-30,59.550003,61.771255,62.73204,62.934334,62.92933,63.090458,62.89232,63.21452,63.860596
2025-05-01,60.59,59.757694,60.5476,60.460094,60.861626,60.827682,61.531036,60.977467,62.33325
2025-05-02,59.670002,58.900684,60.76468,60.995533,61.1134,61.368412,61.27151,60.943752,62.08311
2025-05-05,58.5,59.091328,60.07057,60.407253,60.78542,60.566204,60.92389,60.179962,61.211956
2025-05-06,60.42,57.762135,58.886005,59.58028,59.708294,59.251923,63.511017,59.222195,60.302322
2025-05-07,59.420002,59.713135,59.89819,61.404892,60.996998,60.50511,61.202705,59.581406,60.496346
2025-05-08,61.25,57.918404,59.52947,61.168747,60.540966,60.02943,60.098236,59.582256,60.08327
2025-05-09,62.370003,61.84615,61.46751,63.404804,62.205868,62.036797,64.72446,61.20631,60.883057
2025-05-12,63.320004,62.87878,62.04675,64.07975,62.94858,62.985806,62.50358,62.276154,61.674706
2025-05-13,65.04,64.0134,63.734863,64.80641,63.987583,64.05045,65.23495,63.659187,62.656937
2025-05-14,64.48,64.96271,64.7025,65.19119,64.91737,64.79103,66.6195,64.70409,63.71047
2025-05-15,63.030003,64.10766,64.73051,64.6102,64.74724,64.6404,65.559135,64.99208,64.21872
2025-05-16,63.840004,63.61184,63.91326,63.36555,63.885597,63.63036,64.05852,64.41678,64.01505
2025-05-19,63.980003,63.859734,64.10837,63.350323,64.04923,63.73798,64.13723,64.232346,64.098114
2025-05-20,63.97,64.105736,64.15897,63.55948,64.25712,64.03888,64.199715,64.37526,64.43532
2025-05-21,62.93,63.518044,64.39027,64.01876,64.256035,64.3925,63.934444,64.62238,64.459206
2025-05-22,62.55,62.108257,63.360905,63.088257,63.4138,63.617695,62.424225,63.920357,63.847668
2025-05-23,62.89,61.19658,63.428986,63.12219,63.10831,63.71205,62.323578,63.955204,63.831497
2025-05-27,61.61,61.595448,63.445435,63.28272,63.304985,63.99103,63.13906,64.30257,64.05472
2025-05-28,62.540005,61.617,62.31199,61.632362,62.313335,62.521065,62.135178,63.00461,63.397755
2025-05-29,61.66,61.663853,63.33423,63.098675,63.105125,63.75656,63.064125,63.812027,63.645866
2025-05-30,61.46,60.272636,62.212,62.2091,62.20245,62.848747,61.70205,63.424366,63.470848
2025-06-02,63.27,60.457504,62.432346,62.134274,62.09507,62.859795,61.9904,63.250797,63.30584
2025-06-03,64.1,61.929348,63.32319,62.91679,63.165665,63.63113,63.485,63.602226,64.371056
2025-06-04,63.57,63.676388,64.90228,64.49226,64.368095,64.981285,64.76188,64.912094,64.82593
2025-06-05,64.06,62.071358,64.22728,63.62222,63.658974,64.03491,63.49531,64.79611,64.90754
2025-06-06,65.3,63.08084,64.74278,64.12151,64.01584,64.60485,64.55025,64.946,65.06533
2025-06-09,65.99,63.30162,65.71892,64.67544,64.83147,65.262024,65.491104,65.48823,65.92006
2025-06-10,65.659996,65.1246,66.71855,65.64069,65.594864,66.19227,66.16462,66.43894,66.42171
2025-06-11,68.91,63.69777,66.484,65.18647,65.378555,65.818375,65.93158,66.39445,66.74282
2025-06-12,68.729996,67.815315,69.10052,67.80117,67.668625,68.01429,68.423096,67.99979,67.67915
2025-06-13,73.84,68.08949,69.837036,68.432106,68.24166,68.69571,68.701454,69.17201,68.476326
2025-06-16,72.53,72.67901,74.148636,72.63501,72.00028,72.38576,73.247856,72.48105,70.5886
2025-06-17,75.619995,70.97755,73.762405,71.94539,71.69255,72.14428,72.44233,73.59404,71.60938
2025-06-18,75.89,73.68353,76.14919,74.028885,73.5614,73.93743,74.86234,75.508064,72.732124
2025-06-20,75.72,74.79412,77.338234,74.7754,74.59387,74.96777,75.56275,77.26539,73.71497
2025-06-23,69.36,71.89271,76.28548,73.55849,73.9747,74.267975,75.229485,78.06567,74.52574
2025-06-24,65.450005,67.878296,72.2105,69.376236,70.36926,70.72097,70.616104,75.539474,72.92259
2025-06-25,65.979996,65.01332,68.238655,65.720085,66.914116,67.335526,66.08917,72.48795,70.106
2025-06-26,66.44,66.718376,67.8507,66.098564,66.63448,67.60478,65.96703,72.5468,68.90843
2025-06-27,66.659996,66.16647,67.66144,66.62153,66.61047,68.14375,65.991005,72.594734,68.50064
2025-06-30,66.299995,66.52907,67.81556,67.31756,66.76254,68.77868,65.70187,72.72574,68.51251
2025-07-01,66.64,65.52894,67.758026,66.999466,66.38114,68.4427,65.89,71.802864,68.32207
2025-07-02,68.66,65.58196,67.81437,66.89657,66.555016,68.361,66.80821,71.16525,68.446526
2025-07-03,68.13,68.70334,70.14949,68.86796,68.523766,69.96095,69.006256,71.62965,69.29319
2025-07-07,69.159996,66.73479,69.13123,67.86188,68.08059,68.92319,68.48,70.62264,69.55627
2025-07-08,69.55,67.67966,69.92952,68.595505,69.04628,69.10565,69.45057,70.02699,70.22836
2025-07-09,69.60999,67.63371,70.40008,69.39078,69.49767,69.58633,69.76672,70.407906,70.49255
2025-07-10,67.78,68.62228,70.40651,69.82918,69.52836,69.916504,69.305916,71.03832,70.43663
2025-07-11,69.63,66.343544,69.01436,67.99101,68.157875,68.45371,68.11035,69.922295,69.769295
2025-07-14,68.19,68.47121,70.4473,69.373276,69.05518,69.77425,69.44273,70.93711,69.98799
2025-07-15,67.76,67.95349,70.11731,68.85001,68.66696,69.54849,68.888504,71.02094,70.07708
2025-07-16,67.13,65.70868,69.16621,67.66755,67.736984,68.55554,68.35661,70.221054,69.82309
2025-07-17,68.759995,66.00527,68.65,67.159195,67.02447,68.10773,67.28493,69.7449,69.343834
2025-07-18,68.53,66.43463,69.63135,68.08063,68.14274,68.902214,68.974014,70.091194,69.81414
2025-07-21,68.39,66.013504,69.50028,68.304985,68.181595,69.074196,68.81028,70.24098,70.01581
2025-07-22,67.56,68.63238,69.30763,67.992615,67.890495,68.56681,67.46207,70.227135,69.21198
2025-07-23,66.05,66.76662,69.27065,67.94193,67.65158,68.46957,67.93211,69.95002,68.956696
2025-07-24,67.16,65.495056,67.230034,65.77347,66.12159,66.60453,65.55097,68.18539,67.61853
2025-07-25,66.38,66.001816,68.33363,66.06823,66.6927,67.0301,66.761826,68.08409,67.0384
2025-07-28,67.81,65.66772,67.02046,65.74324,66.44307,66.713455,65.701385,67.434845,66.63433
2025-07-29,70.27,67.017136,68.50926,67.32418,67.58318,67.81338,67.2154,67.78727,66.99054
2025-07-30,71.09,70.823685,70.72316,70.32919,69.877945,70.39038,68.94619,69.68838,68.06469
2025-07-31,70.36,71.7448,71.61754,71.41359,70.84499,71.53399,69.71733,71.26348,69.242096
2025-08-01,68.39,69.56608,71.21072,70.309555,70.57348,70.67215,70.32403,71.31647,70.02321
2025-08-04,67.329994,68.35731,69.5538,68.504555,68.89219,69.053406,67.60649,70.16445,69.250824
2025-08-05,66.2,67.7375,68.327354,67.103134,67.858475,67.90228,66.98983,68.99339,68.34547
2025-08-06,65.38,66.496254,67.35175,66.34501,67.080795,67.18479,65.17874,67.89965,67.6085
2025-08-07,64.9,65.86765,66.492546,65.77031,66.221756,66.68407,65.19458,67.145325,67.02582
2025-08-08,64.94,64.55385,65.57016,65.1122,65.7035,65.91966,65.34068,66.12266,66.108635
2025-08-11,65.03,63.26274,65.820595,65.83318,65.60105,66.45086,64.787994,66.63704,66.25581
2025-08-12,64.22,65.25849,65.27217,65.70351,65.543526,66.22379,64.65899,66.74037,66.21569
2025-08-13,63.680004,64.34699,64.953285,65.013794,64.86674,65.61957,63.756878,66.25085,65.85699
2025-08-14,64.990005,63.781567,64.051414,64.16149,64.33658,64.87967,63.879063,65.37953,65.239105
2025-08-15,63.780003,65.261795,65.56443,65.23445,65.24206,65.77063,64.981705,66.042175,65.22147
2025-08-18,64.51,63.84866,64.195885,64.27977,64.360176,64.85491,63.91736,65.41061,65.04797
2025-08-19,63.38,63.804756,64.874374,64.70755,64.673904,65.208084,64.753494,65.49157,65.1412
2025-08-20,64.19,62.197052,64.09604,63.824142,63.903503,64.51241,63.715702,64.964676,64.85345
2025-08-21,64.56,63.00435,64.77355,64.24804,64.36305,65.02951,64.97437,65.23371,64.989395
2025-08-22,64.08,64.54156,65.46116,64.77439,64.979866,65.591095,65.221634,65.695656,65.16434
2025-08-25,65.18,63.331226,64.623634,63.960968,64.3731,64.73872,64.52231,65.17292,65.148315
2025-08-26,63.600002,64.28588,65.69063,64.91463,65.058,65.50565,65.37056,65.61466,65.362686
2025-08-27,64.490005,64.09863,64.92828,64.22441,64.50731,64.91564,64.31546,65.246056,65.13086
2025-08-28,64.96,63.560207,65.43226,64.69254,64.83926,65.40821,65.1553,65.49629,65.272064
2025-08-29,64.36,64.29908,65.433464,64.580505,65.04607,65.29611,65.235596,65.386955,65.64605
2025-09-02,65.950005,63.59671,64.968124,64.249535,64.6964,64.90969,64.59135,64.99358,65.64069
2025-09-03,64.36,64.75221,66.168846,65.684395,65.70537,66.09465,65.80174,65.96453,65.917336
2025-09-04,63.81,65.20791,66.102585,65.71594,65.7336,66.156525,65.51682,66.432,66.09055
2025-09-05,62.219997,63.73863,65.394775,64.85689,64.90434,65.47242,64.6119,65.877884,65.80367
2025-09-08,62.6,62.134205,63.582264,62.82328,63.168194,63.75435,62.628,64.1429,64.729614
2025-09-09,62.97,63.93601,64.43207,63.496826,63.883804,64.49447,63.853542,64.47494,64.59662
2025-09-10,64.01,63.635365,64.26,63.6172,63.93328,64.59788,63.848534,64.6363,64.62124
2025-09-11,62.71,63.442966,64.815285,64.31092,64.34455,65.13136,65.011894,65.03305,64.930855
2025-09-12,63.020004,61.949238,63.5547,62.976513,63.375698,63.76564,63.096584,63.840027,64.56633
2025-09-15,63.660004,62.46699,63.545036,63.014618,63.42216,63.636646,63.264164,63.554363,64.36879
2025-09-16,64.89,62.52518,63.847168,63.62439,63.824825,64.1325,63.892624,64.123024,64.49063
2025-09-17,64.41,63.945827,64.95739,65.055275,64.91893,65.35447,65.00639,65.19162,64.97068
2025-09-18,63.91,63.632298,64.57606,64.45119,64.70093,64.709854,64.634865,64.74563,65.54178
2025-09-19,63.020004,62.567577,64.35138,64.27424,64.19088,64.479965,64.12077,64.62648,65.274605
2025-09-22,62.99,61.774128,63.559772,63.317272,63.37632,63.73195,63.047195,64.22357,64.815475
2025-09-23,63.760002,62.033115,63.281857,62.946835,63.252743,63.506393,63.22867,63.728153,64.54956
2025-09-24,65.4,62.750374,63.984062,63.667233,63.7029,64.256256,63.702637,64.17316,64.64273
2025-09-25,65.51,64.25365,65.59397,65.22052,65.04213,65.69213,65.41244,65.42629,65.41566
2025-09-26,66.5,64.49858,65.84377,65.36997,65.33376,65.85438,65.89571,65.94096,66.08368
2025-09-29,64.270004,65.21737,67.00114,66.25786,66.05769,66.67356,66.39747,66.73742,66.56348
2025-09-30,63.170002,63.163025,65.21207,64.267876,64.60324,64.9777,64.52349,65.66047,66.05108
2025-10-01,62.59,62.51113,64.13539,62.843098,63.703735,63.637135,63.4107,63.904953,65.20993
2025-10-02,61.28,62.13322,63.37106,62.575394,63.05458,63.24197,62.621384,63.513535,64.35287
2025-10-03,61.65,62.57321,62.63533,62.311268,62.67193,62.88255,62.062336,63.051403,63.711487
2025-10-06,62.49,61.31438,62.092674,61.93592,62.265923,62.454384,61.81634,62.256615,63.20548
2025-10-07,62.52,62.448483,62.65586,62.73837,62.676933,63.08608,62.106983,62.784313,63.04354
2025-10-08,63.37,60.300945,62.701035,62.502625,62.669994,62.25701,62.86281,62.137276,63.170616
2025-10-09,62.36,62.875977,63.281273,63.679554,63.534626,62.979057,63.74203,63.285446,63.458164
2025-10-10,59.750004,61.455322,62.56106,63.021072,62.96485,62.34827,62.599148,63.16484,63.520283
2025-10-14,59.52,58.78056,59.98515,60.75502,60.833927,60.449783,58.147392,61.015636,62.33959
2025-10-15,59.08,58.741817,60.022266,60.111465,60.313736,60.02185,59.800507,60.01882,61.383198
2025-10-16,58.29,59.46203,59.03287,59.926987,59.868996,59.94426,59.25267,59.888733,61.050716
2025-10-17,58.3,57.401005,58.36424,59.165775,59.144573,59.04701,59.214325,59.08836,60.56983
2025-10-20,58.34,58.89351,58.226376,59.40286,59.08144,59.30037,58.79326,58.95294,60.47371
2025-10-21,58.66,59.58403,59.040886,59.890743,59.531937,59.809555,60.106125,59.320343,60.682594
2025-10-22,59.3,58.34687,58.64357,59.41437,59.140472,59.572365,59.113323,59.085743,60.539425
2025-10-23,62.44,58.860413,59.151817,59.57451,59.5728,59.766125,60.032433,59.431644,60.256588
2025-10-24,62.27,61.569855,61.725224,62.06027,61.885788,62.037476,62.633152,61.148994,61.4429
2025-10-27,62.13,60.891727,61.946064,62.334915,62.17965,62.22096,62.41622,62.093483,62.227177
2025-10-28,60.97,61.240986,62.186718,62.06426,62.257668,62.06209,62.356796,62.00706,62.96116
2025-10-29,61.26,59.9796,61.313,60.96517,61.392906,61.14916,61.20985,61.267624,62.52312
2025-10-30,61.36,60.02268,61.35805,61.031345,61.343353,61.318573,61.342484,61.3353,62.191555
2025-10-31,61.75,60.475117,61.622417,61.35876,61.591263,61.760227,61.626553,61.698204,62.26507
2025-11-03,61.79,60.342945,61.847843,61.6548,61.705837,62.179752,61.81937,62.056152,62.51068
2025-11-04,61.38,59.590187,62.031147,61.43032,61.91531,61.829014,62.010937,61.47708,63.342514
2025-11-05,60.4,59.914143,61.86248,61.556473,61.536522,61.785767,61.724632,61.933258,63.055767
2025-11-06,60.24,59.239197,60.81115,60.528522,60.824913,60.793083,60.432796,61.222206,62.49026
2025-11-07,60.54,59.375786,60.53139,60.399185,60.499687,60.80145,60.341152,60.887253,61.94543
2025-11-10,60.94,59.927197,60.85827,60.550976,60.632435,61.167034,60.558376,60.916683,61.798687
2025-11-12,59.3,61.26176,61.555042,61.26021,61.275948,61.94451,61.370144,61.46656,61.94314
2025-11-13,59.54,59.816895,60.455536,60.09973,60.22782,60.905327,59.95856,60.80256,61.558456
2025-11-14,60.870003,59.49646,60.60329,60.129555,60.258175,60.92322,61.032104,60.63086,61.460033
2025-11-17,60.66,59.42073,61.16898,60.673676,60.79241,61.476715,61.21899,61.007828,61.815586
2025-11-18,61.510002,60.6265,61.229527,60.660164,60.9175,61.523834,61.237904,61.237183,61.78983
2025-11-19,60.27,60.67051,61.838352,61.07084,61.50888,61.778843,61.71575,61.53877,62.291397
2025-11-20,60.070004,59.23559,60.922127,60.4916,60.729042,61.140392,60.466896,61.237263,61.857677
2025-11-21,58.86,60.308464,60.897038,60.174194,60.549473,60.814457,60.22403,60.95964,61.369682
2025-11-24,59.11,58.569706,59.734962,59.252644,59.661194,60.084263,59.178017,60.24174,60.79151
2025-11-25,58.25,58.100735,59.669727,59.1259,59.45478,60.07506,59.385036,59.946568,60.517735
2025-11-26,58.81,58.071045,59.269894,58.744377,59.072308,59.75393,59.37212,59.619698,60.17206
2025-11-28,58.58,58.19319,59.425144,59.01578,59.22579,60.033936,59.652477,59.745243,60.18476
2025-12-01,59.47,58.599808,58.94171,58.495968,58.86179,59.494583,59.10562,59.349163,59.885635
2025-12-02,58.81,59.315266,60.109074,59.59352,59.708916,60.410336,60.216415,59.9845,60.216106
2025-12-03,59.090004,57.90886,59.176296,58.874126,59.147915,59.719658,59.22627,59.546642,60.15948
2025-12-04,59.82,60.036957,60.005302,59.470345,59.719036,60.15839,59.76736,59.830044,59.92474
2025-12-05,60.230003,59.937744,60.76695,60.223034,60.399353,60.875668,60.615005,60.588276,60.44469
2025-12-08,59.04,59.436085,60.48093,60.008553,60.346725,60.679535,60.665253,60.56418,60.783695
2025-12-09,58.4,58.562218,59.931355,59.188274,59.54385,59.953205,59.215343,60.078606,60.39964
2025-12-10,58.670002,58.062412,59.012123,58.3905,58.898052,59.287785,58.64886,59.46647,59.87815
2025-12-11,57.760002,57.73395,59.037704,58.333,58.86461,59.304287,58.9238,59.275726,59.753803
2025-12-12,57.61,58.170376,58.64034,58.072388,58.520042,59.033142,58.159668,59.02768,59.416782
2025-12-15,56.97,57.53449,58.221085,57.794502,58.1233,58.74673,58.17911,58.668686,59.104553
2025-12-16,55.440002,57.094734,57.411373,57.092613,57.428802,58.052795,57.149944,57.91433,58.503136
2025-12-17,56.07,55.31526,56.304764,55.963276,56.363365,56.95727,56.314205,56.929604,57.634056
2025-12-18,56.22,55.67539,56.39302,56.248337,56.455967,57.23707,57.060062,56.787025,57.415348
2025-12-19,56.800003,55.58594,56.3013,56.36718,56.47845,57.314026,57.24292,56.729286,57.309807
2025-12-22,58.18,56.40061,56.92614,56.89731,56.93309,57.74809,58.33588,57.193005,57.397858
2025-12-23,58.550003,58.768795,58.560955,58.359215,58.372803,59.07498,59.910233,58.334396,58.139725
2025-12-24,58.72,58.22572,58.676678,58.20316,58.65015,58.78278,58.929264,58.37833,59.334488
2025-12-26,56.600002,58.166115,58.97159,58.485012,58.855984,58.823433,58.898384,58.601513,59.52017
2025-12-29,57.89,57.12303,57.79318,57.44478,57.826786,57.792706,57.220173,57.97608,58.839222
2025-12-30,57.79,57.892754,58.17652,57.793045,58.18074,58.240665,57.93683,58.06569,58.636242
2025-12-31,57.260002,57.50555,57.996735,57.462795,58.12681,58.02983,57.976997,57.695877,58.89172
2026-01-02,57.21,56.88383,57.62418,57.315258,57.733974,57.853817,57.45144,57.466354,58.69181
2026-01-05,58.100002,56.698967,57.480022,57.402557,57.551582,57.85406,57.29951,57.68506,58.530445
2026-01-06,56.97,57.667133,58.03448,58.067646,58.15043,58.51597,58.186283,58.329567,58.839638
2026-01-07,56.01,56.802414,57.632763,57.592075,57.63341,58.232647,57.21337,58.309708,58.774452
2026-01-08,57.74,56.007706,56.558285,56.199505,56.64123,57.02152,56.2074,57.000843,58.09697
2026-01-09,58.96,57.363544,58.05958,57.669704,57.771767,58.412167,57.781696,57.94001,58.327026
2026-01-12,59.390003,59.563866,59.525394,59.25651,59.32961,59.84166,59.418907,59.337173,59.18247
2026-01-13,60.850002,58.959816,59.792866,59.374996,59.431034,59.97234,59.104713,59.92652,59.79991
2026-01-14,61.84,61.416515,61.755665,60.830315,60.957836,61.37869,61.37828,61.090324,60.676758
2026-01-15,59.13,61.799564,62.432106,61.139828,61.548027,61.842415,61.807407,61.80986,61.295277
2026-01-16,59.4,58.895313,60.26571,58.74487,59.720192,59.76821,59.66333,60.40825,60.71959
2026-01-20,60.3,59.49366,60.288548,58.59989,59.652443,59.5894,59.719975,60.00007,60.468784
2026-01-21,60.38,60.45453,60.803253,59.600624,60.320034,60.492687,59.97469,60.538284,60.526127
2026-01-22,59.24,60.304306,61.023933,60.063984,60.53024,60.933624,60.16009,60.96923,60.763084
2026-01-23,60.7,58.81906,60.147224,59.17049,59.73661,60.170624,59.622337,60.531487,60.630505
2026-01-26,60.46,60.49778,61.387253,60.4025,60.662823,61.31412,60.47792,61.42674,61.000076
2026-01-27,62.04,60.24236,61.120247,60.11809,60.529346,61.156456,60.185642,61.60748,61.13732
2026-01-28,62.75,62.91505,62.865494,61.612656,61.96688,62.528988,61.9351,62.65544,61.785637
2026-01-29,64.770004,63.295265,63.61772,62.23062,62.629986,63.14969,62.59037,63.38138,62.413292
2026-01-30,64.5,65.02525,65.24653,63.7201,64.123314,64.44385,64.39028,64.36118,63.42093
2026-02-02,61.6,64.81524,65.76724,63.98844,64.4573,64.82555,64.37716,65.11108,64.09514
2026-02-03,62.62,61.27511,63.119278,61.170185,62.546555,62.37725,62.22561,63.44774,63.65848
2026-02-04,64.56,62.036694,63.67196,61.83452,63.06416,62.690834,62.92781,63.269318,63.744007
2026-02-05,62.9,64.108734,65.287994,64.324905,64.64637,64.82774,64.15703,64.86707,64.33746
2026-02-06,63.77,61.896328,63.734936,63.349102,63.568306,63.925327,62.715855,64.986244,64.36816
2026-02-09,64.53,63.577503,64.89131,64.00641,63.995007,64.53734,63.558475,65.415474,64.47282
2026-02-10,64.2,64.12833,65.622246,64.469734,64.570526,65.268166,64.303505,66.29461,65.04428
2026-02-11,64.8,64.366165,65.72836,64.24483,64.53595,65.25113,64.59223,66.67752,65.34078
2026-02-12,63.08,64.5635,66.32509,64.45316,64.782104,65.49047,64.905,67.05152,65.67386
2026-02-13,63.05,62.368332,64.38017,62.615906,63.65806,63.827293,63.705788,65.62694,65.2874
2026-02-17,62.530003,63.021423,64.352715,62.637466,63.45855,63.5846,63.304653,65.00444,64.78754
2026-02-18,65.33,61.821156,63.70659,62.44081,62.949978,63.388397,62.365692,64.86841,64.291595
2026-02-19,66.659996,64.89712,65.96316,65.133484,65.06003,65.7514,65.05784,66.60678,64.94937
2026-02-20,66.69,67.39267,67.19859,66.17831,66.09887,66.7843,65.75953,67.39964,65.42826
2026-02-23,66.36,66.22924,67.676216,66.1029,66.554634,66.922195,66.16793,67.81023,66.28636
2026-02-24,65.62,66.1111,67.58743,65.908264,66.52025,66.77149,66.656075,67.99066,66.59113
2026-02-25,65.3,66.19645,67.065994,65.37726,65.90449,66.29212,64.9836,67.633224,66.305595
2026-02-26,65.1,65.91087,66.51649,64.869514,65.56364,66.0041,64.37467,67.25993,65.927
2026-02-27,66.96,65.179436,66.17205,64.31677,65.31837,65.66479,64.59297,66.60629,65.658356
2026-03-02,71.130005,68.052155,68.23078,66.4867,66.92138,67.560936,66.056335,67.85895,66.08801
2026-03-03,74.479996,68.83658,71.21874,69.637344,70.29688,70.250404,70.64816,70.33758,68.77561
2026-03-04,74.58,75.32139,74.28733,73.444405,73.03839,73.382744,71.5249,73.22046,70.52296
2026-03-05,80.880005,73.69564,74.59311,73.216,73.36314,73.38339,72.82236,74.03651,71.71919
2026-03-06,90.770004,76.95513,76.80737,75.00156,74.96788,75.05139,74.368484,75.89933,72.81734
2026-03-09,94.65,73.96601,77.63107,75.17373,76.5719,75.692535,76.75845,76.97364,75.17807
2026-03-10,83.71,77.19504,77.58885,75.69487,76.0161,75.98111,75.52302,77.87529,75.310814
2026-03-11,86.8,73.24194,78.25828,76.11503,77.491104,76.44281,78.05042,78.676125,76.70937
2026-03-12,95.61,72.872795,77.01949,75.8288,76.55932,76.18686,76.02379,78.60698,76.64036
2026-03-13,98.48,76.77267,78.061676,77.30514,77.031815,77.33323,76.31346,80.123474,76.65466
2026-03-16,93.39,76.97314,78.14639,77.35193,76.98689,77.87295,76.315254,81.31876,76.74806
2026-03-17,96.01,76.26776,78.50549,77.37483,77.191,78.144646,76.93843,82.08347,76.97427
2026-03-18,96.12,74.787125,78.990135,77.64391,77.89995,78.52217,78.16817,82.18328,77.803
2026-03-19,96.11001,75.50167,78.96197,78.08881,78.01858,78.80971,78.20502,82.63909,78.20157
2026-03-20,98.71001,76.74577,78.88682,78.22835,77.78295,78.89901,77.596085,82.81696,78.25873
2026-03-23,89.33,75.95166,78.97436,78.21845,78.04019,78.834785,77.898735,82.913826,78.206665
2026-03-24,93.18,76.57639,78.96847,78.16862,77.7983,79.03755,77.515816,82.876495,78.23978
2026-03-25,91.51,74.61254,78.25838,77.113846,77.19961,78.23966,77.04041,82.27864,77.742004
2026-03-26,96.18,68.08266,73.15519,71.724174,72.39016,73.71065,71.26286,78.44373,74.89981
2026-03-27,101.26,74.19962,75.98621,74.866554,74.627884,75.91911,74.440544,79.27629,75.037605
2026-03-30,104.689995,75.5065,78.44765,78.15326,77.99322,78.8453,78.005585,81.25048,77.17379
2026-03-31,102.86,76.162865,79.03905,79.425224,78.63026,79.795746,77.23143,82.15861,78.25761
2026-04-01,101.9,78.45407,79.23695,79.44298,77.97147,79.594635,77.14894,82.43689,78.127556
2026-04-02,113.23,74.72202,79.78127,78.93946,79.21631,79.466606,79.48146,82.37295,79.01486
2026-04-06,114.01,73.997375,80.078674,79.43294,79.95215,79.92771,79.68746,82.272675,79.81065
2026-04-07,114.58,75.60531,79.90598,80.051796,80.129745,80.15991,79.55811,82.42342,79.9938
2026-04-08,96.17,73.58341,80.18882,80.79264,81.006065,80.58682,79.90956,82.11236,80.3876
2026-04-09,99.619995,73.30789,75.799545,76.822716,76.042915,76.990944,73.17695,79.07056,78.74382
2026-04-10,98.34,67.01405,76.010506,75.69776,76.059105,76.22343,74.75146,77.36044,76.07937
2026-04-13,100.72,65.997185,74.59268,74.79652,74.84056,75.74507,73.57233,76.26675,74.48295
2026-04-14,93.07,67.55517,73.34364,74.19859,73.71026,74.87295,72.31727,75.66795,73.99259
2026-04-15,93.04,59.7154,65.57747,66.58074,66.138176,67.68739,63.070305,69.2339,70.343864
2026-04-16,96.46,59.943016,65.75143,66.20673,65.45727,67.23993,65.38216,67.61881,68.022545
2026-04-17,85.91,67.86887,72.20734,73.38376,72.21744,73.79781,73.44028,70.96198,70.45286
2026-04-20,91.06,58.70267,62.292206,64.925644,63.67226,65.77632,59.110054,65.99763,68.81173
2026-04-21,93.64001,55.741283,60.648205,61.753185,60.98633,61.79782,59.56045,62.21437,64.81744
2026-04-22,94.76,63.034348,66.744705,67.90908,66.99073,66.948166,69.277306,64.86047,65.12065
2026-04-23,99.270004,62.51008,64.264465,65.588326,65.83012,64.741646,65.46087,64.31588,65.10859
2026-04-24,98.42,70.08663,70.59951,71.43469,70.756584,68.92194,72.4365,67.323425,66.801956
2026-04-27,99.89,73.93197,72.85032,74.22654,73.830444,71.538055,76.226845,69.82483,68.646095
2026-04-28,103.45,82.15584,79.87641,80.64977,79.9082,77.17205,83.49686,73.91514,72.08996
2026-04-29,110.47,86.694016,84.04723,84.07022,83.41445,80.845695,85.678986,77.5228,75.350006
2026-04-30,108.64001,92.3777,91.61792,90.96188,90.8567,87.23987,95.772125,83.81523,81.757774
2026-05-01,105.380005,93.44973,93.56485,92.04509,92.48308,88.80435,94.733505,86.66517,84.37897
2026-05-04,109.76,92.34122,93.27279,90.80823,91.39324,88.25302,91.98273,87.53405,85.44869
2026-05-05,105.66,96.21031,97.566826,94.20937,94.80868,91.91754,95.73983,91.114136,87.77043
2026-05-06,98.75,93.59021,95.78325,92.17135,93.35441,90.87137,92.53046,90.51675,88.36324
2026-05-07,98.38,90.54239,93.28719,89.423935,90.83858,88.59676,88.59028,87.5691,87.48887
2026-05-08,98.87,89.665436,93.58658,89.81804,91.41742,88.98192,89.403114,87.67496,87.051254
2026-05-11,101.56,90.838104,94.365616,91.619385,93.02328,90.73751,89.96956,89.30106,87.862625
2026-05-12,105.78,96.704506,98.03108,96.23534,96.58924,94.81018,93.60285,92.604645,90.66347
2026-05-13,104.52,101.35613,103.064766,101.93485,101.44748,100.23989,99.67696,97.616936,94.89291
2026-05-14,104.66,99.478615,101.96447,100.71599,100.53606,99.590775,96.747406,98.198074,95.94317
2026-05-15,108.99,100.77608,104.104195,101.893166,101.76454,100.738335,100.533646,99.05745,96.96951
2026-05-18,112.25,102.35664,107.058556,104.262344,105.13044,103.61756,106.35775,101.97559,99.84297
2026-05-19,112.090004,107.94533,111.20484,108.14202,109.1582,107.7277,107.56628,106.01893,103.092415
2026-05-20,101.689995,106.94129,111.317795,108.3697,109.299034,108.05571,108.41045,108.58346,104.87169
2026-05-21,100.200005,99.210304,104.66207,102.495026,102.64952,102.188156,97.91369,103.13536,102.03957
2026-05-22,100.350006,97.8614,103.5622,101.53532,101.06173,100.62686,97.58453,101.13787,99.87255
2026-05-26,97.630005,99.859665,104.24022,103.30121,102.97536,102.21845,101.87954,103.917015,100.81732
2026-05-27,92.35,96.956985,101.39858,101.61858,101.286514,100.366066,95.29431,102.869545,100.25535
2026-05-28,92.65,97.24728,101.7033,101.77546,101.283035,100.030014,98.47032,101.99617,99.687096
2026-05-29,91.159996,97.54078,101.28262,102.12899,101.454506,100.11622,95.28738,102.0498,99.66528
2026-06-01,95.96,97.820984,101.66327,102.33392,101.553894,100.51631,96.9602,102.14002,99.94196
2026-06-02,97.47,98.09078,101.24353,101.84301,101.58874,100.570854,97.2366,102.35259,99.958534
2026-06-03,99.76,98.2617,101.18535,100.9251,101.25767,100.3919,97.41555,99.27515,99.105095
2026-06-04,96.83,98.92576,102.005196,100.66874,101.37409,100.53721,97.95111,96.83988,98.16546
2026-06-05,94.32001,98.50055,101.56233,100.110405,101.001945,100.25157,97.58003,96.30701,98.0734
2026-06-08,95.0,98.21158,101.726875,100.03731,101.10487,100.4537,97.69941,96.18521,97.90578
2026-06-09,91.9,99.01098,101.81013,99.63512,101.006325,100.5016,97.597,96.16685,97.68145
2026-06-10,93.68,99.21974,101.99613,99.90662,101.23062,100.73287,98.53142,96.41156,98.02025
2026-06-11,91.58,96.484245,97.99943,97.577225,98.66268,97.87917,98.93606,94.55638,97.28348
2026-06-12,88.62,94.2739,95.99475,96.728035,97.76048,96.42101,99.694725,93.931465,96.52162
2026-06-15,84.65,99.79506,101.820885,101.111176,102.45839,100.75819,103.96573,96.6194,97.93146
2026-06-16,79.8,99.8844,102.157616,101.281136,102.89668,101.293495,100.77217,98.17371,98.75497
2026-06-17,80.65,99.88999,103.10748,101.90638,102.98136,101.56349,102.2139,98.53113,99.14061
2026-06-18,80.350006,99.497574,103.3744,101.98376,102.958015,101.61247,101.32951,98.229385,99.2556
2026-06-22,78.94,98.71849,100.80796,100.36606,101.352394,100.10467,99.0904,97.44617,99.12205
2026-06-23,74.62,98.58437,101.24503,100.74439,101.64183,100.30654,100.120384,97.86068,99.47625
2026-06-24,71.42,96.29993,98.12474,98.66735,99.670654,98.26378,99.7456,96.39927,98.831566
2026-06-25,72.67,97.025734,98.57456,99.47121,100.18372,98.8404,100.7193,95.86337,98.58074
2026-06-26,70.3,90.072556,98.50732,98.837326,99.47398,98.51054,95.95244,93.80084,95.47872
2026-06-29,71.869995,95.24353,95.71069,96.607414,97.45634,97.09138,95.764244,93.718895,95.85534
